ID_Zindi,GT_NO2
ID_003WOR,0
ID_009Y2B,0
ID_01C05M,0
ID_0216G3,0
ID_023C6G,0
ID_02B9VP,0
ID_02BG4I,0
ID_02H68L,0
ID_02QIN2,0
ID_02V5JR,0
ID_038M7Y,0
ID_03E0FV,0
ID_03TDOW,0
ID_03U5R0,0
ID_045OCN,0
ID_049GOO,0
ID_04HFZA,0
ID_04Y73O,0
ID_053FX5,0
ID_056B2B,0
ID_05DID7,0
ID_05F9CW,0
ID_05O86R,0
ID_05WMZU,0
ID_065E0U,0
ID_0662J8,0
ID_068NX5,0
ID_06DT08,0
ID_06OP33,0
ID_0735X4,0
ID_07KNU9,0
ID_08MRRN,0
ID_08OTJE,0
ID_08RM5T,0
ID_091RPG,0
ID_094N8N,0
ID_098BD5,0
ID_09JHYT,0
ID_09UAI2,0
ID_09XVC7,0
ID_0AC4HE,0
ID_0AMF1O,0
ID_0B0G1Z,0
ID_0BFSNM,0
ID_0BL5SS,0
ID_0BY3GB,0
ID_0CFRV9,0
ID_0CULAT,0
ID_0DD96Z,0
ID_0DMKOH,0
ID_0DNEC9,0
ID_0DOEXV,0
ID_0E23UZ,0
ID_0E9SYP,0
ID_0EAGHS,0
ID_0ELQGL,0
ID_0ET1OD,0
ID_0F2OSM,0
ID_0FIISU,0
ID_0FPM1I,0
ID_0FZOXR,0
ID_0GAHA9,0
ID_0GD5OB,0
ID_0GDYHQ,0
ID_0GP32L,0
ID_0GXN3T,0
ID_0H3AE4,0
ID_0I3ZW8,0
ID_0I72W7,0
ID_0IUGCU,0
ID_0J3V6T,0
ID_0JWXSH,0
ID_0KSSEY,0
ID_0KTTMH,0
ID_0KXJ25,0
ID_0L7WXQ,0
ID_0LGSE0,0
ID_0LTL02,0
ID_0LY60G,0
ID_0M2QHV,0
ID_0M5J78,0
ID_0M63NH,0
ID_0M86IM,0
ID_0MC6LX,0
ID_0MKQU6,0
ID_0MYO75,0
ID_0N067S,0
ID_0N8JI9,0
ID_0NS9V8,0
ID_0NVKUJ,0
ID_0NYHCL,0
ID_0NYPTB,0
ID_0OD7SE,0
ID_0OLVTB,0
ID_0P7Q36,0
ID_0PLC0K,0
ID_0PUV55,0
ID_0PWC51,0
ID_0QEENZ,0
ID_0QRRQ8,0
ID_0R2DHZ,0
ID_0R4MDT,0
ID_0RIGMU,0
ID_0RN01E,0
ID_0RST6R,0
ID_0RY6YJ,0
ID_0S0373,0
ID_0S1YRT,0
ID_0SHAUX,0
ID_0T3KMO,0
ID_0T5XME,0
ID_0TLJH4,0
ID_0TYZYW,0
ID_0U3UQU,0
ID_0URK3E,0
ID_0V7SI1,0
ID_0W3YCY,0
ID_0W6S4J,0
ID_0WZYQT,0
ID_0X2H95,0
ID_0X6TQL,0
ID_0XETQI,0
ID_0XQSIO,0
ID_0XRTF5,0
ID_0XRZ1B,0
ID_0XSAHH,0
ID_0Y5ECO,0
ID_0YQ2V5,0
ID_0Z794J,0
ID_0ZW6MA,0
ID_10CPII,0
ID_10H9PO,0
ID_10ONK5,0
ID_11RILW,0
ID_11TQCX,0
ID_11YDYF,0
ID_12I2Z7,0
ID_12QO65,0
ID_12XPE0,0
ID_1343OT,0
ID_13B47T,0
ID_142EBI,0
ID_148E8B,0
ID_14LTGJ,0
ID_14Q768,0
ID_14RF68,0
ID_16OJ5Q,0
ID_16QDHV,0
ID_16RQGU,0
ID_175U2W,0
ID_17J1AE,0
ID_17K054,0
ID_17P1XH,0
ID_17XJP9,0
ID_18AL41,0
ID_18B4WR,0
ID_191MGW,0
ID_19GOK5,0
ID_19TBBY,0
ID_19V52K,0
ID_19X82A,0
ID_1A1U7A,0
ID_1AS8SG,0
ID_1AWHGW,0
ID_1BGWGE,0
ID_1BMJC4,0
ID_1BNNTO,0
ID_1C4QM7,0
ID_1CBA73,0
ID_1CZFAQ,0
ID_1DOL8Y,0
ID_1DQK7T,0
ID_1DR28T,0
ID_1DRXPP,0
ID_1DSBXN,0
ID_1DXKC4,0
ID_1E82BT,0
ID_1EDAF1,0
ID_1EDG60,0
ID_1EL1ZJ,0
ID_1EO9RJ,0
ID_1F2XZ9,0
ID_1FB1UV,0
ID_1FDTBC,0
ID_1FIY6I,0
ID_1FNKRF,0
ID_1FRV1U,0
ID_1FYURY,0
ID_1G794E,0
ID_1GR8TF,0
ID_1GWV9L,0
ID_1H0Y81,0
ID_1H8WAU,0
ID_1HCM2R,0
ID_1HERHC,0
ID_1I9L04,0
ID_1IB8QJ,0
ID_1IH6RC,0
ID_1IU8SW,0
ID_1J4JJW,0
ID_1JCS86,0
ID_1K6HYO,0
ID_1KBFNW,0
ID_1KR603,0
ID_1KUT17,0
ID_1L4KQQ,0
ID_1LCO1M,0
ID_1LEPZ5,0
ID_1LKYT5,0
ID_1LPXF5,0
ID_1MCJCT,0
ID_1NIZ11,0
ID_1NUQ5B,0
ID_1NX4V1,0
ID_1O68CC,0
ID_1OFEX8,0
ID_1OHXDF,0
ID_1PY8MM,0
ID_1QC8JE,0
ID_1QMY13,0
ID_1R9K9S,0
ID_1R9T1Y,0
ID_1RGX07,0
ID_1RZSL3,0
ID_1S4OUT,0
ID_1S9II0,0
ID_1SN83Z,0
ID_1SR64A,0
ID_1SZ8EA,0
ID_1T2M6I,0
ID_1TBLHY,0
ID_1U1NQH,0
ID_1UHO15,0
ID_1UN27E,0
ID_1V03Q5,0
ID_1V48MQ,0
ID_1V5N3Z,0
ID_1V7YSW,0
ID_1VCASZ,0
ID_1VIB0Q,0
ID_1W113Y,0
ID_1X7T9H,0
ID_1XC8UZ,0
ID_1XEWTR,0
ID_1XGPB0,0
ID_1XHLC2,0
ID_1YDLQD,0
ID_1YN5UI,0
ID_1YP2ZZ,0
ID_1YU40H,0
ID_1Z1J0O,0
ID_1ZJOPW,0
ID_20BF5N,0
ID_20GHWL,0
ID_2166R5,0
ID_21I44B,0
ID_21O7ZH,0
ID_21Y3C6,0
ID_22I6OZ,0
ID_23484O,0
ID_23AWJK,0
ID_23K4F3,0
ID_23M8HM,0
ID_23NYAC,0
ID_23TI5V,0
ID_23Y3MP,0
ID_245A6P,0
ID_247EAN,0
ID_24V283,0
ID_25G64C,0
ID_26BIYD,0
ID_26KM9F,0
ID_26PGK7,0
ID_26PJ5T,0
ID_27979A,0
ID_27JE47,0
ID_27YK99,0
ID_28846J,0
ID_28N9CY,0
ID_28PO2E,0
ID_29E8N1,0
ID_29LKBJ,0
ID_29NRI4,0
ID_29XHGM,0
ID_29YUD9,0
ID_2ALWCI,0
ID_2B0PBN,0
ID_2BJQIP,0
ID_2BLY7S,0
ID_2BP5WK,0
ID_2BRKJS,0
ID_2CDSUU,0
ID_2CH2GW,0
ID_2CKQCQ,0
ID_2CUMIO,0
ID_2D368S,0
ID_2DBCH0,0
ID_2DGUZO,0
ID_2DJFW0,0
ID_2DWJ4A,0
ID_2E12O6,0
ID_2EU63T,0
ID_2EY5I7,0
ID_2G0QE0,0
ID_2G2QVT,0
ID_2G9C82,0
ID_2GJU96,0
ID_2GYFCX,0
ID_2H31RO,0
ID_2HBJBO,0
ID_2HEHGU,0
ID_2HEVTK,0
ID_2HSVSD,0
ID_2HUZA7,0
ID_2HWJVY,0
ID_2HZGJK,0
ID_2HZUXI,0
ID_2I6YRO,0
ID_2IA2S6,0
ID_2IYJPV,0
ID_2J07S7,0
ID_2J1A3L,0
ID_2JGV9V,0
ID_2JHHL5,0
ID_2JILHO,0
ID_2JLLE4,0
ID_2JM7KM,0
ID_2JWXEI,0
ID_2JY9GN,0
ID_2KL32O,0
ID_2KNYAD,0
ID_2KTZ7A,0
ID_2KXOYY,0
ID_2KYBRV,0
ID_2L1B8P,0
ID_2L2DIB,0
ID_2LIEU5,0
ID_2LZION,0
ID_2M3ZRC,0
ID_2MSP6G,0
ID_2MYNQS,0
ID_2NC550,0
ID_2NK3IK,0
ID_2OHNBJ,0
ID_2ORHDJ,0
ID_2P3I6V,0
ID_2PDKFB,0
ID_2PJ4WV,0
ID_2PMTOI,0
ID_2PRD2Q,0
ID_2PTYIF,0
ID_2PZXT5,0
ID_2QEZBY,0
ID_2QITPH,0
ID_2QRCQ3,0
ID_2RE8DF,0
ID_2RKSV5,0
ID_2RNQSC,0
ID_2SRMVZ,0
ID_2SRXNE,0
ID_2T8AQS,0
ID_2TC13T,0
ID_2TL1D1,0
ID_2UDYTF,0
ID_2UWHOL,0
ID_2VOXM5,0
ID_2VVKZQ,0
ID_2VW5QK,0
ID_2WPRCU,0
ID_2X0RCU,0
ID_2X1P4Z,0
ID_2X67LT,0
ID_2X6G01,0
ID_2XQ9RX,0
ID_2XR4VB,0
ID_2XT9K5,0
ID_2XULZL,0
ID_2XVW2L,0
ID_2Y1GUZ,0
ID_2Y74OP,0
ID_2YRRMC,0
ID_2Z04F4,0
ID_2ZUR2B,0
ID_30C5R1,0
ID_30HB31,0
ID_31AIVH,0
ID_31EPS5,0
ID_31VZHR,0
ID_324AL4,0
ID_32WAIH,0
ID_32WH99,0
ID_32Y9SE,0
ID_335FRK,0
ID_33RW9H,0
ID_34ZH9C,0
ID_35DI44,0
ID_35H3AV,0
ID_35WH93,0
ID_367TMC,0
ID_36JSW6,0
ID_36LYJJ,0
ID_36M5JF,0
ID_36SC85,0
ID_371MYC,0
ID_3723VR,0
ID_37AW5U,0
ID_37G70D,0
ID_37II38,0
ID_37O2UA,0
ID_37P9B5,0
ID_37SSGT,0
ID_37UGSM,0
ID_387HIH,0
ID_38QQWV,0
ID_39EASW,0
ID_39KYY4,0
ID_39RTWS,0
ID_39YIB8,0
ID_3A6P4V,0
ID_3AF2EI,0
ID_3BCFGX,0
ID_3BL2JF,0
ID_3BL3R8,0
ID_3BLRGS,0
ID_3C43DW,0
ID_3C4LVJ,0
ID_3C7PYO,0
ID_3CBF8K,0
ID_3CLQO8,0
ID_3CMB7J,0
ID_3CMF0P,0
ID_3DC70Y,0
ID_3DI7CJ,0
ID_3DW4UO,0
ID_3E1YT9,0
ID_3E6D59,0
ID_3EA2HO,0
ID_3EED8P,0
ID_3EQQX2,0
ID_3F4AQL,0
ID_3FCWGL,0
ID_3G15VK,0
ID_3G95N0,0
ID_3GAKSD,0
ID_3GHNFU,0
ID_3GWXHI,0
ID_3H82S8,0
ID_3HBIG9,0
ID_3HEGPF,0
ID_3I08K7,0
ID_3I0DK3,0
ID_3IFN3J,0
ID_3IVUW6,0
ID_3IVWI4,0
ID_3J7NNZ,0
ID_3JASOY,0
ID_3JDAH8,0
ID_3JDCAQ,0
ID_3JE1GJ,0
ID_3JITP0,0
ID_3JM9EJ,0
ID_3JXI1F,0
ID_3KAU9G,0
ID_3L92ZP,0
ID_3LENY4,0
ID_3LII3R,0
ID_3LX1CS,0
ID_3MC8HF,0
ID_3NK2RA,0
ID_3O1Q4T,0
ID_3OEHQJ,0
ID_3OKUZX,0
ID_3ORPR2,0
ID_3PC5QX,0
ID_3PM8KC,0
ID_3PVXEH,0
ID_3Q5FOR,0
ID_3QRAWE,0
ID_3QXTIG,0
ID_3R0FNF,0
ID_3RAER3,0
ID_3RX5CZ,0
ID_3S1E93,0
ID_3S1MU2,0
ID_3S4K24,0
ID_3T5I0W,0
ID_3T66I8,0
ID_3TASZD,0
ID_3TCANB,0
ID_3TJODS,0
ID_3TSSR5,0
ID_3TUCQN,0
ID_3UDDC0,0
ID_3UIO88,0
ID_3UJE62,0
ID_3UL2TJ,0
ID_3ULW8T,0
ID_3UPQ83,0
ID_3UZA24,0
ID_3V4XTH,0
ID_3V61Y9,0
ID_3V9MBW,0
ID_3VGIYJ,0
ID_3VPNYN,0
ID_3VTV3R,0
ID_3VYT1P,0
ID_3W8QZG,0
ID_3WGSVU,0
ID_3WU7DY,0
ID_3X8HKK,0
ID_3XXPD0,0
ID_3Y0BP3,0
ID_3Y6W2W,0
ID_3YFECP,0
ID_3YPRHR,0
ID_3YY7GF,0
ID_3Z29UB,0
ID_3Z6XGW,0
ID_3Z8VY3,0
ID_3ZWC3A,0
ID_40CS1R,0
ID_410NWQ,0
ID_41EDI7,0
ID_41T054,0
ID_42BGED,0
ID_42E1XK,0
ID_42FVI3,0
ID_42NQBI,0
ID_42RK0G,0
ID_42SUHK,0
ID_42TK9Y,0
ID_43AANN,0
ID_43DEQP,0
ID_43N7JT,0
ID_43SX0S,0
ID_4410AP,0
ID_447MEF,0
ID_44H0G3,0
ID_44TAY5,0
ID_44W33F,0
ID_454FVG,0
ID_45UF3M,0
ID_4651X3,0
ID_46B2J5,0
ID_47226B,0
ID_47CAT9,0
ID_47HWT5,0
ID_47OG0N,0
ID_480JSA,0
ID_48E4LI,0
ID_48HL8B,0
ID_48RH2Z,0
ID_495P0Y,0
ID_497AHQ,0
ID_49BQW1,0
ID_49P8TH,0
ID_4A257E,0
ID_4AIHSG,0
ID_4AK7HI,0
ID_4AOT5Z,0
ID_4AU09F,0
ID_4B2RS0,0
ID_4B3D4Y,0
ID_4BSXH1,0
ID_4C2LAQ,0
ID_4CR27X,0
ID_4CZNLI,0
ID_4DEQSL,0
ID_4DO7YX,0
ID_4F36SF,0
ID_4F6142,0
ID_4FE3G1,0
ID_4G8GMV,0
ID_4GY5K7,0
ID_4H7XSI,0
ID_4HC8DJ,0
ID_4HCZON,0
ID_4HKY23,0
ID_4HNDPN,0
ID_4HQI41,0
ID_4HU6AI,0
ID_4IE76Y,0
ID_4IP5PG,0
ID_4J2E7J,0
ID_4JKVJA,0
ID_4KBV4D,0
ID_4KLJ90,0
ID_4KMRME,0
ID_4L0G08,0
ID_4LVEUQ,0
ID_4M4P9W,0
ID_4MEC2J,0
ID_4MJCO2,0
ID_4N6LQ0,0
ID_4NMUDM,0
ID_4OE7O3,0
ID_4OXSOH,0
ID_4P5MXQ,0
ID_4PQRLM,0
ID_4PUJXF,0
ID_4Q1XBC,0
ID_4Q8LM1,0
ID_4QDDXK,0
ID_4QO54N,0
ID_4QSQFH,0
ID_4QXX8D,0
ID_4RRTWH,0
ID_4SB777,0
ID_4SDMYH,0
ID_4SDS95,0
ID_4TGY6C,0
ID_4TU69I,0
ID_4URXFB,0
ID_4V3TLN,0
ID_4VRJNL,0
ID_4VT5AG,0
ID_4WFRJQ,0
ID_4WJ9J9,0
ID_4WYO3L,0
ID_4X3A7A,0
ID_4XPIAG,0
ID_4Y1OVR,0
ID_4YA7II,0
ID_4YAZXM,0
ID_4YDPLE,0
ID_4YK324,0
ID_4YL9KH,0
ID_4YUTOZ,0
ID_4ZTJYF,0
ID_509IY1,0
ID_509TII,0
ID_50A2MF,0
ID_5130B1,0
ID_5148FO,0
ID_515XJK,0
ID_5174TF,0
ID_51S4PJ,0
ID_525Z10,0
ID_526G6Q,0
ID_52BDBA,0
ID_52CPJL,0
ID_52D2MQ,0
ID_535KEZ,0
ID_538DSF,0
ID_53DJFV,0
ID_53HJ67,0
ID_53KYIG,0
ID_53Q1QA,0
ID_54017F,0
ID_5419X9,0
ID_542XSD,0
ID_54B035,0
ID_54KRBC,0
ID_54UE2R,0
ID_5556GO,0
ID_55FMZU,0
ID_55I3AU,0
ID_55UIQR,0
ID_55X2LA,0
ID_56C0HF,0
ID_573QRV,0
ID_57MQJH,0
ID_58H35T,0
ID_58Y6V3,0
ID_5960Z5,0
ID_59DGK9,0
ID_59N7CS,0
ID_59UN0B,0
ID_5ADIUX,0
ID_5AQZBC,0
ID_5AYBBU,0
ID_5B931O,0
ID_5BDRHI,0
ID_5BDRIC,0
ID_5C0P03,0
ID_5C2OT5,0
ID_5CJJF8,0
ID_5CLNIV,0
ID_5CVY1M,0
ID_5CX1VH,0
ID_5CYCL2,0
ID_5DMPUP,0
ID_5DN0AK,0
ID_5EFP54,0
ID_5FPWVH,0
ID_5FT07S,0
ID_5GJIOQ,0
ID_5GUCJ4,0
ID_5GUEWV,0
ID_5HBU9R,0
ID_5HE5FJ,0
ID_5HIGDK,0
ID_5HJ453,0
ID_5HP8SJ,0
ID_5IAOBY,0
ID_5ILHY3,0
ID_5ISUM6,0
ID_5J0K44,0
ID_5JAXQ5,0
ID_5JKHQ7,0
ID_5JQUHD,0
ID_5K90XC,0
ID_5KAKIT,0
ID_5KKL1D,0
ID_5L3JZJ,0
ID_5LG7HQ,0
ID_5LTQ00,0
ID_5LYCDN,0
ID_5M8TD7,0
ID_5MFSCN,0
ID_5MHP0P,0
ID_5MHV6Z,0
ID_5MRSMJ,0
ID_5N0371,0
ID_5NFTKF,0
ID_5NGNZ7,0
ID_5NHA43,0
ID_5NT4GF,0
ID_5NTLQO,0
ID_5O1HRF,0
ID_5OFLXB,0
ID_5OWRBH,0
ID_5P2JGA,0
ID_5P59T6,0
ID_5PH27O,0
ID_5PNSVQ,0
ID_5PV9N6,0
ID_5PYLRE,0
ID_5PZZ6N,0
ID_5Q5X26,0
ID_5Q7O1B,0
ID_5Q9B3L,0
ID_5QZJQL,0
ID_5RFOKC,0
ID_5S8RTP,0
ID_5SAQTX,0
ID_5SFSBX,0
ID_5SL2LO,0
ID_5SR545,0
ID_5STSCN,0
ID_5T4LYT,0
ID_5TOJ27,0
ID_5UA2P3,0
ID_5UCBSM,0
ID_5UMB27,0
ID_5UNUMJ,0
ID_5UO7K6,0
ID_5UV4D2,0
ID_5UVH1O,0
ID_5UZEQA,0
ID_5V1X3J,0
ID_5V7VW8,0
ID_5VF8CG,0
ID_5VPYRE,0
ID_5WBEDS,0
ID_5WE561,0
ID_5WG43V,0
ID_5WIJL0,0
ID_5WJ0HV,0
ID_5X4NK9,0
ID_5XCAE3,0
ID_5XL4XZ,0
ID_5YLKOY,0
ID_5YLQ07,0
ID_5YLZZG,0
ID_5ZKH19,0
ID_5ZYO97,0
ID_6017YM,0
ID_60IXOB,0
ID_60K6PY,0
ID_60LT5C,0
ID_60TOG2,0
ID_60Y6LQ,0
ID_61CG30,0
ID_61TTVB,0
ID_62EG3H,0
ID_62GEAW,0
ID_62L6LS,0
ID_62UOIY,0
ID_637HNX,0
ID_63ENFU,0
ID_63XGS1,0
ID_640I7A,0
ID_642LHP,0
ID_646MRG,0
ID_64DFIP,0
ID_64UFWW,0
ID_64VSHN,0
ID_651HD1,0
ID_65Z59O,0
ID_67071Q,0
ID_674NH2,0
ID_67HDIS,0
ID_67IYO2,0
ID_67MFJL,0
ID_67ZYWE,0
ID_687JWU,0
ID_68FQXO,0
ID_6983N7,0
ID_69F2RW,0
ID_69HKSW,0
ID_69VPJB,0
ID_6A9YUX,0
ID_6AJ1O4,0
ID_6ALIA0,0
ID_6B0SFA,0
ID_6B7UEM,0
ID_6BHYR5,0
ID_6BKL9N,0
ID_6BW1YC,0
ID_6C3AQL,0
ID_6C6KUL,0
ID_6CHVMS,0
ID_6DKNTC,0
ID_6DTSYM,0
ID_6E74SX,0
ID_6ELLCN,0
ID_6EW6IS,0
ID_6F9FTP,0
ID_6F9WOY,0
ID_6FD2P9,0
ID_6FQTBK,0
ID_6GKA77,0
ID_6GPVA3,0
ID_6H9ZTN,0
ID_6HX67V,0
ID_6I1CPO,0
ID_6I9XVE,0
ID_6IJBLY,0
ID_6IO6ZP,0
ID_6IOCXQ,0
ID_6IQIKG,0
ID_6ISNEK,0
ID_6K7BNJ,0
ID_6KVLWR,0
ID_6LDBVZ,0
ID_6LI0SG,0
ID_6LN7R3,0
ID_6M70DN,0
ID_6MDV5I,0
ID_6N3GE6,0
ID_6N9W15,0
ID_6NJFFS,0
ID_6NNBCG,0
ID_6NS4HK,0
ID_6OUI5R,0
ID_6OZXNU,0
ID_6PF8AZ,0
ID_6PLETU,0
ID_6PXDEK,0
ID_6Q0HBW,0
ID_6QU0MB,0
ID_6QUPM3,0
ID_6RHCW3,0
ID_6RTO4D,0
ID_6S0TU0,0
ID_6SA6D5,0
ID_6SMI9V,0
ID_6T4CVB,0
ID_6T5580,0
ID_6TM8LX,0
ID_6TO4P8,0
ID_6TZ89W,0
ID_6UO0IH,0
ID_6VDQ9T,0
ID_6VNA2H,0
ID_6W1AH4,0
ID_6X1D0Z,0
ID_6XFH8Q,0
ID_6XNW56,0
ID_6XXFBS,0
ID_6XYBDI,0
ID_6Y8CL7,0
ID_6YLRWN,0
ID_6YPEQ0,0
ID_6YYF5Y,0
ID_6Z4IXP,0
ID_6ZGX68,0
ID_6ZHNCF,0
ID_6ZLY6F,0
ID_6ZQW0O,0
ID_6ZS1ND,0
ID_6ZTES2,0
ID_70TM9R,0
ID_71IQZS,0
ID_71J6NR,0
ID_71JU80,0
ID_7209OQ,0
ID_72GW4G,0
ID_72Q7U0,0
ID_72VFMY,0
ID_73AI4G,0
ID_73EOLX,0
ID_73F6NI,0
ID_74GNB1,0
ID_74HF34,0
ID_74OB4A,0
ID_74Q3NR,0
ID_74SGUJ,0
ID_74YZM6,0
ID_7576P8,0
ID_76L0SZ,0
ID_76VXW6,0
ID_78EWBF,0
ID_78IVKO,0
ID_78VIBT,0
ID_7956M4,0
ID_79CPNH,0
ID_79DRQ8,0
ID_79IEWV,0
ID_7AVRZB,0
ID_7B39LY,0
ID_7B9WQG,0
ID_7BP9NF,0
ID_7BPPOJ,0
ID_7C6NJS,0
ID_7CDPT5,0
ID_7CO92G,0
ID_7CZ9Z6,0
ID_7D4XM3,0
ID_7D65PH,0
ID_7DH3T7,0
ID_7DQOCR,0
ID_7DS87I,0
ID_7EGLX7,0
ID_7EII0F,0
ID_7EJSOR,0
ID_7EORDR,0
ID_7EUPA4,0
ID_7EWMWD,0
ID_7FAE3X,0
ID_7FSAWH,0
ID_7FTMSA,0
ID_7G5GUI,0
ID_7GCXQM,0
ID_7GEHXY,0
ID_7GKGBV,0
ID_7GU6Y5,0
ID_7H0RZ7,0
ID_7H4CW6,0
ID_7H9JOO,0
ID_7HET0W,0
ID_7HG83L,0
ID_7HPG28,0
ID_7HU5Q0,0
ID_7HVSHC,0
ID_7I1VZC,0
ID_7I331K,0
ID_7I83IQ,0
ID_7I9ZSO,0
ID_7IJAKJ,0
ID_7IMSB0,0
ID_7JQHSZ,0
ID_7JR6GG,0
ID_7KEW4W,0
ID_7KFTEB,0
ID_7KURM9,0
ID_7L416S,0
ID_7L9AU9,0
ID_7LVW9Z,0
ID_7LWW8B,0
ID_7M0WU4,0
ID_7MSB9R,0
ID_7N3UZM,0
ID_7N84IO,0
ID_7ND1RD,0
ID_7NI29T,0
ID_7NIDCU,0
ID_7NJJNL,0
ID_7O1W9J,0
ID_7OCKD8,0
ID_7OJN63,0
ID_7OPBNS,0
ID_7OU1N1,0
ID_7OXJ03,0
ID_7P55AK,0
ID_7P7ACC,0
ID_7P7B6F,0
ID_7P7MDZ,0
ID_7PD1B3,0
ID_7PFSTI,0
ID_7PNB3I,0
ID_7QXK1Y,0
ID_7R7205,0
ID_7R8RQH,0
ID_7RKFPD,0
ID_7RPNWK,0
ID_7S4EGA,0
ID_7S5FLZ,0
ID_7S5S62,0
ID_7S82PK,0
ID_7SDMH3,0
ID_7SF50A,0
ID_7SUVR7,0
ID_7SZJOL,0
ID_7TJRBS,0
ID_7TTB0P,0
ID_7TVS2Y,0
ID_7UAPKQ,0
ID_7UEN2S,0
ID_7UFHBE,0
ID_7UYE3X,0
ID_7V39T7,0
ID_7VDTL7,0
ID_7VRBUG,0
ID_7W4OW5,0
ID_7W9EKY,0
ID_7W9ON5,0
ID_7WN7W4,0
ID_7WOHV4,0
ID_7X219W,0
ID_7XGC95,0
ID_7XPAUP,0
ID_7XWCF2,0
ID_7XYL6J,0
ID_7YB9OI,0
ID_7YBW7H,0
ID_7YWB1C,0
ID_7Z1ZS9,0
ID_7Z5XLJ,0
ID_7ZNAO8,0
ID_80D7KS,0
ID_80NIE9,0
ID_80SBIO,0
ID_814D08,0
ID_816IKJ,0
ID_819XBC,0
ID_81AGK1,0
ID_81FU7B,0
ID_81RUW2,0
ID_81TGIG,0
ID_829R58,0
ID_82QZML,0
ID_82TYXD,0
ID_83E7LP,0
ID_83HR4E,0
ID_83ULF8,0
ID_84ZMZS,0
ID_85BMA7,0
ID_85EJRC,0
ID_85HCLG,0
ID_85SENJ,0
ID_85TFZK,0
ID_86HIK8,0
ID_86WLBS,0
ID_86ZKJE,0
ID_878FPL,0
ID_87EAEH,0
ID_88V5GD,0
ID_88VZOV,0
ID_89JS67,0
ID_89M0VV,0
ID_89YQZP,0
ID_8A057L,0
ID_8AFPMM,0
ID_8B86NB,0
ID_8BKCUX,0
ID_8C2VTW,0
ID_8C90XU,0
ID_8CBYPZ,0
ID_8CKPXQ,0
ID_8DW8MK,0
ID_8DWBTG,0
ID_8EB9H2,0
ID_8FCK1E,0
ID_8G1NG2,0
ID_8GH7PA,0
ID_8GL8UU,0
ID_8GN13B,0
ID_8GU3RP,0
ID_8HADES,0
ID_8HCZO4,0
ID_8I5WF8,0
ID_8ILRSB,0
ID_8IWC5F,0
ID_8IZ9WL,0
ID_8JASJD,0
ID_8JGB53,0
ID_8JN43C,0
ID_8JNAR2,0
ID_8JP95U,0
ID_8KDOAJ,0
ID_8KF69O,0
ID_8KFBVU,0
ID_8KIURL,0
ID_8KOAEG,0
ID_8LID9X,0
ID_8LPJQ6,0
ID_8LSAL5,0
ID_8LWBUV,0
ID_8MP754,0
ID_8MQ1VL,0
ID_8MX4D0,0
ID_8NFDSB,0
ID_8OC78Z,0
ID_8P1CA5,0
ID_8P1U4E,0
ID_8R482C,0
ID_8R6EIT,0
ID_8R6H0F,0
ID_8R7UQW,0
ID_8RFHHF,0
ID_8RGWPB,0
ID_8RR9UZ,0
ID_8RV42R,0
ID_8RZSUV,0
ID_8SBZ0S,0
ID_8SFX3B,0
ID_8SJOJY,0
ID_8SMLMV,0
ID_8SS2TB,0
ID_8SS7B2,0
ID_8T8PQQ,0
ID_8TCQOO,0
ID_8TJ9IK,0
ID_8TKMQ6,0
ID_8TLZXP,0
ID_8TYWYB,0
ID_8U120O,0
ID_8U2TNJ,0
ID_8UDUSW,0
ID_8UH2HZ,0
ID_8UVN4M,0
ID_8UVYEP,0
ID_8VBGOE,0
ID_8VCTWM,0
ID_8VHGC2,0
ID_8VN8P6,0
ID_8VTWWN,0
ID_8VXRFF,0
ID_8VZW93,0
ID_8W03BY,0
ID_8WD5CI,0
ID_8WNFTS,0
ID_8XS2L8,0
ID_8Y3M96,0
ID_8Y4NNS,0
ID_8Y90G0,0
ID_8YN3ES,0
ID_8YWQFG,0
ID_8Z00NK,0
ID_8ZDC99,0
ID_8ZO3QC,0
ID_9093RX,0
ID_90H0II,0
ID_90QFCI,0
ID_914DUY,0
ID_9153LG,0
ID_91D1QQ,0
ID_91KAUZ,0
ID_91YO1T,0
ID_9374K4,0
ID_93K5BG,0
ID_93POC6,0
ID_9426TV,0
ID_942QQ6,0
ID_94S6TS,0
ID_94T3BS,0
ID_955RC6,0
ID_95HVUF,0
ID_95OM7C,0
ID_95U69R,0
ID_95V039,0
ID_95WUPR,0
ID_969JCC,0
ID_96T8PL,0
ID_974LH1,0
ID_976LZJ,0
ID_978KS8,0
ID_98FVU3,0
ID_98FWNY,0
ID_98X1AN,0
ID_99450H,0
ID_99UFQE,0
ID_99Y0GP,0
ID_9AGX2V,0
ID_9AIGE2,0
ID_9AKX8U,0
ID_9ALMX4,0
ID_9ATM6M,0
ID_9B0PL3,0
ID_9BB3FU,0
ID_9BCRJ9,0
ID_9BSVMY,0
ID_9BYNB5,0
ID_9CALT3,0
ID_9CIEWE,0
ID_9CP08B,0
ID_9D3MA9,0
ID_9D41U0,0
ID_9D6181,0
ID_9DIBM5,0
ID_9DNMZ7,0
ID_9EE6C1,0
ID_9EMYVK,0
ID_9FNYHF,0
ID_9FSXY9,0
ID_9G6MKT,0
ID_9GHT0J,0
ID_9GT2NW,0
ID_9GU77K,0
ID_9GX3MO,0
ID_9H6CRC,0
ID_9HS5AU,0
ID_9HVB0Y,0
ID_9I6E9M,0
ID_9IOSOM,0
ID_9IZ1F3,0
ID_9J0SDU,0
ID_9JX7HA,0
ID_9K1TOI,0
ID_9KC63N,0
ID_9KE4RR,0
ID_9KIU8L,0
ID_9KLWW7,0
ID_9L54WC,0
ID_9L6W70,0
ID_9L9XBD,0
ID_9LXC9Q,0
ID_9MAGFA,0
ID_9MBZ55,0
ID_9MDF5Z,0
ID_9MES8O,0
ID_9N7V40,0
ID_9NB82A,0
ID_9NE1ME,0
ID_9NINJD,0
ID_9NPBWI,0
ID_9NRJH7,0
ID_9OD6BO,0
ID_9OF4NL,0
ID_9OF8WC,0
ID_9OZGFZ,0
ID_9P5R81,0
ID_9PG49U,0
ID_9PGQDV,0
ID_9PWE2N,0
ID_9QOE4R,0
ID_9QOWBH,0
ID_9QQUOW,0
ID_9QTH9P,0
ID_9R65VS,0
ID_9RBZA8,0
ID_9RUZ4Q,0
ID_9SH7KT,0
ID_9SQQVE,0
ID_9SYGXQ,0
ID_9THTWL,0
ID_9TR60F,0
ID_9U0M1O,0
ID_9UA7DO,0
ID_9UG5GW,0
ID_9UY51D,0
ID_9UYNMF,0
ID_9VBAN3,0
ID_9VEAOQ,0
ID_9VO42X,0
ID_9WA7HB,0
ID_9WD9HT,0
ID_9WJS1A,0
ID_9X6FUV,0
ID_9X8C9O,0
ID_9XA8XH,0
ID_9XBJJS,0
ID_9XSJ3K,0
ID_9Y41MD,0
ID_9YR2JU,0
ID_9YXIMC,0
ID_9YZ388,0
ID_9Z3KVU,0
ID_9ZY0RE,0
ID_A01KZC,0
ID_A0BOLB,0
ID_A0NCQH,0
ID_A0S8B1,0
ID_A1XZ2I,0
ID_A1Y0V3,0
ID_A3L8HZ,0
ID_A3LQZG,0
ID_A4BATZ,0
ID_A4EA11,0
ID_A4ITAV,0
ID_A4N8WR,0
ID_A4NHA4,0
ID_A4SMOE,0
ID_A554FY,0
ID_A5DC5U,0
ID_A5QWW4,0
ID_A6CT60,0
ID_A71QLK,0
ID_A74WVY,0
ID_A77F5X,0
ID_A7B6JS,0
ID_A9G1II,0
ID_A9IDYX,0
ID_AA1M1W,0
ID_AAW7UM,0
ID_AB7I8J,0
ID_AB84WP,0
ID_ABAFL6,0
ID_ABZ2J8,0
ID_ABZSBL,0
ID_AC3OZ0,0
ID_ACIB95,0
ID_ACMPZH,0
ID_ACV88S,0
ID_ACX6X9,0
ID_ADWLHM,0
ID_AEF7GB,0
ID_AEMWU0,0
ID_AES0J7,0
ID_AF2BXB,0
ID_AF68NO,0
ID_AF9QE2,0
ID_AFPJ6U,0
ID_AFRH56,0
ID_AG9X48,0
ID_AGLY7E,0
ID_AH6P64,0
ID_AHEZE5,0
ID_AHHUVN,0
ID_AHLTYE,0
ID_AHPRG9,0
ID_AI0PYQ,0
ID_AI3L14,0
ID_AI7ULC,0
ID_AIF5Q9,0
ID_AIFZ6Y,0
ID_AIM99H,0
ID_AJ3XXY,0
ID_AJ5975,0
ID_AJ9NI1,0
ID_AJDP7S,0
ID_AJOPZ3,0
ID_AJT8UQ,0
ID_AKTKC1,0
ID_AKWLNI,0
ID_AKWQV8,0
ID_ALG3PZ,0
ID_ALL9K2,0
ID_ALXPOA,0
ID_AMH33F,0
ID_AMM2P5,0
ID_AMQ8HR,0
ID_AMW4ZD,0
ID_AN8RT0,0
ID_ANS5U4,0
ID_AO2PW1,0
ID_AO30EN,0
ID_AP15VO,0
ID_AP2C15,0
ID_AP96YP,0
ID_APAGVJ,0
ID_APGLUY,0
ID_APTYT0,0
ID_AQ6102,0
ID_AQNLKL,0
ID_AQO7XE,0
ID_AQO9RW,0
ID_AQU3OR,0
ID_AREXEV,0
ID_ARFYDT,0
ID_ARJD1J,0
ID_ARRMAR,0
ID_ARVSV9,0
ID_ASLZSR,0
ID_ASM4B0,0
ID_ASPOXE,0
ID_ATGLAK,0
ID_AUXX55,0
ID_AVABF2,0
ID_AVLWS9,0
ID_AWH9CU,0
ID_AWWHOH,0
ID_AWWLFH,0
ID_AXGSJI,0
ID_AY1EHH,0
ID_AYM236,0
ID_AYRB59,0
ID_AZDHXK,0
ID_AZH695,0
ID_AZZD29,0
ID_B0F878,0
ID_B0VJWX,0
ID_B10497,0
ID_B13O4I,0
ID_B1E0EA,0
ID_B1MPFA,0
ID_B1Y9OM,0
ID_B2CKZR,0
ID_B2S8OS,0
ID_B4H56Q,0
ID_B4K87E,0
ID_B5022N,0
ID_B5NJTH,0
ID_B5UWTN,0
ID_B5V78N,0
ID_B6C1MC,0
ID_B7D4NZ,0
ID_B7FQMY,0
ID_B7NVDL,0
ID_B7PG10,0
ID_B8HNX1,0
ID_B9UITS,0
ID_B9XMIX,0
ID_BAFWHD,0
ID_BAIS53,0
ID_BAXE56,0
ID_BBI12A,0
ID_BBO9MB,0
ID_BC1HOD,0
ID_BCF8DQ,0
ID_BCQDMF,0
ID_BDD8FN,0
ID_BDGWBJ,0
ID_BDODEH,0
ID_BDOV36,0
ID_BDT7ER,0
ID_BFV5FK,0
ID_BGB7J9,0
ID_BGJTWO,0
ID_BGKCNJ,0
ID_BGZHV0,0
ID_BI2CNS,0
ID_BI3S7X,0
ID_BIOZFR,0
ID_BJ66S1,0
ID_BJ95ZF,0
ID_BJSWLH,0
ID_BJUV61,0
ID_BKAJNO,0
ID_BKWZD6,0
ID_BKYD7N,0
ID_BLGW5Q,0
ID_BLLSQ4,0
ID_BLS2H8,0
ID_BMCZNC,0
ID_BMQ0D8,0
ID_BMVP68,0
ID_BNAINJ,0
ID_BNLZ96,0
ID_BOKLSZ,0
ID_BOLYG5,0
ID_BPH4MI,0
ID_BQ2OO0,0
ID_BQK1M3,0
ID_BQP72R,0
ID_BR17L8,0
ID_BRMOUB,0
ID_BRRW3H,0
ID_BRU2G7,0
ID_BS00XS,0
ID_BSER73,0
ID_BSL1DP,0
ID_BSZB5V,0
ID_BT4F0J,0
ID_BTF8K1,0
ID_BTKSO2,0
ID_BU7Q7Q,0
ID_BUAT6C,0
ID_BUOX58,0
ID_BVXEG0,0
ID_BVXTI2,0
ID_BW6PHB,0
ID_BW86PO,0
ID_BWL67Z,0
ID_BX3O1Y,0
ID_BX87FN,0
ID_BXA1B5,0
ID_BXDL8O,0
ID_BXJIHU,0
ID_BXL7N1,0
ID_BXWL96,0
ID_BYCT9S,0
ID_BYJFMA,0
ID_BYNFLJ,0
ID_BYP12N,0
ID_BYP8S1,0
ID_BYTMQ3,0
ID_BZ0Q7A,0
ID_BZAOL8,0
ID_BZJ06D,0
ID_BZM3HD,0
ID_BZUN2L,0
ID_BZWTNO,0
ID_C0G22C,0
ID_C0ZSJN,0
ID_C1534L,0
ID_C21A0Y,0
ID_C2VBTV,0
ID_C34A55,0
ID_C3DICC,0
ID_C3GT1T,0
ID_C3I091,0
ID_C3OBSG,0
ID_C4BFIT,0
ID_C4OBCL,0
ID_C4RZCT,0
ID_C525SV,0
ID_C58UB1,0
ID_C5CTMP,0
ID_C5EWF8,0
ID_C5Q19Z,0
ID_C6J78B,0
ID_C73ROJ,0
ID_C7X6XK,0
ID_C8DT8A,0
ID_C8MHWI,0
ID_C8SQHM,0
ID_C8XK9E,0
ID_C92JK8,0
ID_C97IE4,0
ID_C9FV7M,0
ID_C9K6NI,0
ID_C9ME74,0
ID_C9N8D1,0
ID_C9O10P,0
ID_CA8INN,0
ID_CAB6SL,0
ID_CB2DYD,0
ID_CBBMVA,0
ID_CBRB2O,0
ID_CC7BOM,0
ID_CCKDEW,0
ID_CCN2YU,0
ID_CCQTD8,0
ID_CCUFUW,0
ID_CCW57O,0
ID_CCY0V0,0
ID_CCYNBH,0
ID_CCZK7C,0
ID_CD2HLN,0
ID_CDA66Q,0
ID_CDEADL,0
ID_CDGAZB,0
ID_CDT0DE,0
ID_CE5LMB,0
ID_CEH377,0
ID_CESSDB,0
ID_CET5OU,0
ID_CEXSNF,0
ID_CEXY3C,0
ID_CFSG90,0
ID_CFX2V9,0
ID_CFYAJV,0
ID_CG70WH,0
ID_CGAIND,0
ID_CGG9W5,0
ID_CGH1Z3,0
ID_CGTLN9,0
ID_CGV391,0
ID_CHESYW,0
ID_CHEYVR,0
ID_CHNW1Q,0
ID_CHQBZC,0
ID_CI0CYI,0
ID_CI0NEK,0
ID_CI2OP8,0
ID_CI3RO6,0
ID_CI9LET,0
ID_CIJG9Z,0
ID_CIVZBQ,0
ID_CJC1ZP,0
ID_CJTYQV,0
ID_CK2HZB,0
ID_CK46WA,0
ID_CKBG1O,0
ID_CKGDWW,0
ID_CKUB5I,0
ID_CKXOYC,0
ID_CLHPBS,0
ID_CM69TD,0
ID_CNBI87,0
ID_CNKBTV,0
ID_CO3I3O,0
ID_CO7XQ2,0
ID_COMA0X,0
ID_COXK6G,0
ID_CP46MS,0
ID_CP9LR0,0
ID_CPBAH5,0
ID_CPBKU9,0
ID_CQ7V0N,0
ID_CQGZD0,0
ID_CQIE63,0
ID_CQOT40,0
ID_CQS8T3,0
ID_CR5RY7,0
ID_CR7FB2,0
ID_CRPQI5,0
ID_CRRMKQ,0
ID_CS3XC9,0
ID_CSACZ7,0
ID_CSDQ2Y,0
ID_CSEF0D,0
ID_CSHWMB,0
ID_CSYXAU,0
ID_CT1W94,0
ID_CTVZXM,0
ID_CUBAMN,0
ID_CUSO3Y,0
ID_CV1TUN,0
ID_CVD882,0
ID_CVE1C5,0
ID_CVPU7D,0
ID_CVSBRX,0
ID_CW5FVE,0
ID_CWEY6X,0
ID_CWIABK,0
ID_CWIGFX,0
ID_CWJKKL,0
ID_CWM3MF,0
ID_CWPMGW,0
ID_CWS65L,0
ID_CWSRJC,0
ID_CX40HG,0
ID_CYN3T0,0
ID_CZ53T5,0
ID_CZKN03,0
ID_CZP7EF,0
ID_D028EA,0
ID_D0G047,0
ID_D0MUPX,0
ID_D0SFWI,0
ID_D0TU1D,0
ID_D13FZH,0
ID_D1CH3X,0
ID_D1NUV2,0
ID_D1R0Y5,0
ID_D1T3VH,0
ID_D1XNGF,0
ID_D1Y7QS,0
ID_D2DOC6,0
ID_D2G7DU,0
ID_D2LGCZ,0
ID_D2LT68,0
ID_D32C9S,0
ID_D39QMS,0
ID_D3JL96,0
ID_D3VFDX,0
ID_D40KRC,0
ID_D424MN,0
ID_D4DKYI,0
ID_D4VJ60,0
ID_D5CBNT,0
ID_D5FJT1,0
ID_D5KL9H,0
ID_D5WV3T,0
ID_D6QLGF,0
ID_D6ZBDF,0
ID_D71DJH,0
ID_D76161,0
ID_D782P6,0
ID_D7GYMD,0
ID_D7MVWX,0
ID_D7SJMQ,0
ID_D83DS9,0
ID_D83GGE,0
ID_D8F49W,0
ID_D8FVLH,0
ID_D8OLU5,0
ID_D8U9SZ,0
ID_D9ZDCY,0
ID_DA0CVD,0
ID_DAD42M,0
ID_DANDJJ,0
ID_DAO310,0
ID_DARDE5,0
ID_DAYJJO,0
ID_DB0ZX5,0
ID_DBJ6NG,0
ID_DC5MQR,0
ID_DCXVPM,0
ID_DCYDPY,0
ID_DD4D2W,0
ID_DDDDUB,0
ID_DDDERL,0
ID_DDESJM,0
ID_DDIDHB,0
ID_DDMA20,0
ID_DDWEN9,0
ID_DE8254,0
ID_DE96QJ,0
ID_DEE1WE,0
ID_DEFVW8,0
ID_DEIVFT,0
ID_DFKEK8,0
ID_DFTI33,0
ID_DGCAAQ,0
ID_DGCKYW,0
ID_DGE4QY,0
ID_DGJ334,0
ID_DGL0O2,0
ID_DGYDFM,0
ID_DH0PA5,0
ID_DH6QL8,0
ID_DHGRSL,0
ID_DHVHFR,0
ID_DIRM3K,0
ID_DJ0T41,0
ID_DJJ7QK,0
ID_DJKLOA,0
ID_DJUT20,0
ID_DKCDY7,0
ID_DKJE1C,0
ID_DKW1AJ,0
ID_DL5VVH,0
ID_DLBY7W,0
ID_DLL7M9,0
ID_DM0O71,0
ID_DM2LB4,0
ID_DMKTDZ,0
ID_DMQ72Z,0
ID_DNZPCP,0
ID_DOKFPU,0
ID_DOMUDA,0
ID_DOQ7PM,0
ID_DOS1MC,0
ID_DOY4JE,0
ID_DP8WIA,0
ID_DPHKGZ,0
ID_DPIOTN,0
ID_DPP1PT,0
ID_DPZI88,0
ID_DQ2WJS,0
ID_DQ4JFX,0
ID_DQYVR0,0
ID_DR8H0K,0
ID_DRCZQ7,0
ID_DRDC3H,0
ID_DRSP8J,0
ID_DRVWD7,0
ID_DS6VK6,0
ID_DSPOZH,0
ID_DT3U8V,0
ID_DTCX8P,0
ID_DTHHFO,0
ID_DTTXTI,0
ID_DUD3GK,0
ID_DUT5IH,0
ID_DV0WLW,0
ID_DV1ZWZ,0
ID_DV6XYR,0
ID_DVCJBV,0
ID_DVS3OS,0
ID_DVUONB,0
ID_DW4RR4,0
ID_DWFIYN,0
ID_DWNHAD,0
ID_DWU56P,0
ID_DX2E7V,0
ID_DX8HKJ,0
ID_DXAGWS,0
ID_DXCJLQ,0
ID_DXO8VR,0
ID_DXPYNI,0
ID_DXZPO3,0
ID_DY7S9B,0
ID_DY8UCA,0
ID_DYDFM8,0
ID_DYE986,0
ID_DYMQ6F,0
ID_DYSX2Q,0
ID_DZ3XFP,0
ID_DZ4NO1,0
ID_DZEGKM,0
ID_DZL2VD,0
ID_E0HCNA,0
ID_E0U95B,0
ID_E18WR5,0
ID_E1GELE,0
ID_E1IZ6H,0
ID_E1MP6V,0
ID_E1NRPA,0
ID_E1Q09G,0
ID_E1UBPC,0
ID_E22X9T,0
ID_E2Z4KX,0
ID_E3CKAK,0
ID_E3J79Q,0
ID_E3KDC8,0
ID_E3YMRV,0
ID_E4BW5R,0
ID_E4D5KW,0
ID_E4N2P4,0
ID_E5347V,0
ID_E54930,0
ID_E58AXL,0
ID_E5NEIB,0
ID_E5YTJT,0
ID_E6BM9K,0
ID_E6I3DI,0
ID_E76TFD,0
ID_E77FDR,0
ID_E7FTWA,0
ID_E7PT5O,0
ID_E7WWGJ,0
ID_E82M9G,0
ID_E8GBJ0,0
ID_E8GKOL,0
ID_E9OEAA,0
ID_E9RA46,0
ID_E9RJNO,0
ID_E9T212,0
ID_EA2WRH,0
ID_EAFM97,0
ID_EAJO4Q,0
ID_EATU5K,0
ID_EAXTC6,0
ID_EBA872,0
ID_EBJU4P,0
ID_EBPDMG,0
ID_EC2NOW,0
ID_ECJ8SN,0
ID_ED40BQ,0
ID_ED458I,0
ID_ED8Y7X,0
ID_EDIJDH,0
ID_EDXY90,0
ID_EDZ2PA,0
ID_EE18RS,0
ID_EFHYH5,0
ID_EFNXPP,0
ID_EGML2S,0
ID_EH2DD4,0
ID_EH3UI0,0
ID_EHB0NL,0
ID_EI5FJL,0
ID_EJ5NL2,0
ID_EJIJRY,0
ID_EJIL27,0
ID_EJPF7V,0
ID_EJXHYC,0
ID_EK9VAF,0
ID_EKJZ7B,0
ID_EL1GEN,0
ID_EL2DL9,0
ID_ELALFA,0
ID_ELJU7I,0
ID_ELWZVG,0
ID_EM3DSH,0
ID_EM8JO0,0
ID_EMDMDU,0
ID_EMLIRK,0
ID_EMUMSC,0
ID_ENPZS3,0
ID_ENSFRV,0
ID_EOBGHX,0
ID_EOZEFI,0
ID_EP76YD,0
ID_EPOAA3,0
ID_EQ2040,0
ID_EQ49GO,0
ID_EQ5U9V,0
ID_EQ837L,0
ID_EQEOGG,0
ID_EQT7NV,0
ID_EQZ0S1,0
ID_EQZ4UO,0
ID_ER5YXE,0
ID_ER82Y1,0
ID_ERFNOH,0
ID_ERQ77M,0
ID_ES4PDG,0
ID_ET19HC,0
ID_ETF3UF,0
ID_ETMQAQ,0
ID_ETPPQJ,0
ID_ETPUVO,0
ID_ETQWHF,0
ID_ETREHY,0
ID_ETWGD2,0
ID_ETZXQY,0
ID_EUD7D4,0
ID_EUNNIJ,0
ID_EV536F,0
ID_EVEVAM,0
ID_EVF4WN,0
ID_EVHA7P,0
ID_EVKRY5,0
ID_EVPI0H,0
ID_EVQI4N,0
ID_EVT9D3,0
ID_EW0SO9,0
ID_EW3W03,0
ID_EW6B9G,0
ID_EWBNRQ,0
ID_EWK3YN,0
ID_EWWVY0,0
ID_EX1B44,0
ID_EX7ULX,0
ID_EX8PI8,0
ID_EXBSXU,0
ID_EXS8JW,0
ID_EXZKWG,0
ID_EXZMR2,0
ID_EY7D8F,0
ID_EYFKNP,0
ID_EYR2R4,0
ID_EYSS4C,0
ID_F0H4A1,0
ID_F17KNH,0
ID_F1SHEW,0
ID_F2KNUX,0
ID_F3S3AS,0
ID_F3YTLR,0
ID_F3Z79Q,0
ID_F4MSFD,0
ID_F4SN95,0
ID_F51JP9,0
ID_F5IDVH,0
ID_F5KVO6,0
ID_F5LT8Z,0
ID_F6G6YC,0
ID_F7B0QB,0
ID_F7CT6S,0
ID_F7DBOB,0
ID_F7MM8B,0
ID_F7MTZ9,0
ID_F8A6BN,0
ID_F8EVAA,0
ID_F8IXG6,0
ID_F90XKT,0
ID_F9AQUK,0
ID_F9DHE5,0
ID_F9X224,0
ID_FA5XR6,0
ID_FA72NU,0
ID_FAL5TW,0
ID_FASJSM,0
ID_FB4SGY,0
ID_FC3DV6,0
ID_FC5JT2,0
ID_FCX1EN,0
ID_FDCSV5,0
ID_FDLAY1,0
ID_FDN8H5,0
ID_FDT25M,0
ID_FELPU8,0
ID_FF2E95,0
ID_FFLLJS,0
ID_FFMZ2X,0
ID_FG8MMU,0
ID_FGJ36G,0
ID_FHIFRG,0
ID_FHNARG,0
ID_FHYYYU,0
ID_FHZZU4,0
ID_FIDDZ9,0
ID_FII074,0
ID_FIY2AO,0
ID_FJDLL2,0
ID_FJM2SQ,0
ID_FJQM6Q,0
ID_FKKW8M,0
ID_FL15D4,0
ID_FL88AA,0
ID_FLL9OV,0
ID_FLOZ3A,0
ID_FLX377,0
ID_FM15D8,0
ID_FM9L9S,0
ID_FMH82Q,0
ID_FMK2JS,0
ID_FMNL6D,0
ID_FNBKVG,0
ID_FNKKHD,0
ID_FOAV7R,0
ID_FOE3CA,0
ID_FOR71V,0
ID_FOXQ2T,0
ID_FOY6I8,0
ID_FP98WU,0
ID_FPOX1F,0
ID_FQAVSL,0
ID_FQLT1L,0
ID_FQN9TA,0
ID_FQTXKR,0
ID_FQXMS7,0
ID_FR3KG2,0
ID_FR5PVI,0
ID_FRAHT6,0
ID_FRFC4A,0
ID_FRW6VH,0
ID_FS3VJX,0
ID_FSZ69S,0
ID_FTASVM,0
ID_FTD7TU,0
ID_FTL7HR,0
ID_FTNG26,0
ID_FTPP9O,0
ID_FTX1G5,0
ID_FTZE6R,0
ID_FU2VH8,0
ID_FU5NOI,0
ID_FU707U,0
ID_FUF7YS,0
ID_FVAYNZ,0
ID_FVDDNG,0
ID_FVKBK7,0
ID_FVKGSJ,0
ID_FVMGH2,0
ID_FVYDLZ,0
ID_FVZ9QA,0
ID_FWA7Q0,0
ID_FWADUZ,0
ID_FWJKOV,0
ID_FWJZTF,0
ID_FWR17A,0
ID_FX045H,0
ID_FX500H,0
ID_FXOS6R,0
ID_FXPYCD,0
ID_FXVJKX,0
ID_FY5YF6,0
ID_FYGF2B,0
ID_FYVWHW,0
ID_FZ08P6,0
ID_FZ0GJQ,0
ID_FZ33TN,0
ID_FZAA17,0
ID_FZS8EZ,0
ID_FZT3NJ,0
ID_G01PD7,0
ID_G0B9R1,0
ID_G0KUKL,0
ID_G0L3TY,0
ID_G0PQCT,0
ID_G0RUPF,0
ID_G0UZRV,0
ID_G0Y2CI,0
ID_G10SKK,0
ID_G1CCFU,0
ID_G1JD57,0
ID_G227D4,0
ID_G3IF6J,0
ID_G3K0O9,0
ID_G3PWIH,0
ID_G42UXR,0
ID_G4EDPJ,0
ID_G4J1OO,0
ID_G4MO0G,0
ID_G4V8D6,0
ID_G4WWCO,0
ID_G5E5EA,0
ID_G5RT5W,0
ID_G6584I,0
ID_G66KXM,0
ID_G6O7KF,0
ID_G71GXZ,0
ID_G78O84,0
ID_G7F3K0,0
ID_G7GMI9,0
ID_G7XJZ3,0
ID_G7YWFT,0
ID_G80J30,0
ID_G866O5,0
ID_G8ZC30,0
ID_G92RA6,0
ID_G98K1F,0
ID_G9WCN1,0
ID_G9XMK3,0
ID_G9YY98,0
ID_GAJ6D1,0
ID_GAQAW2,0
ID_GARODK,0
ID_GAZB1C,0
ID_GB16X6,0
ID_GC343E,0
ID_GCCZHV,0
ID_GCECVL,0
ID_GCLJ8K,0
ID_GD0SD9,0
ID_GD6HNP,0
ID_GDRU29,0
ID_GECNIM,0
ID_GEYK7F,0
ID_GFGK19,0
ID_GFM131,0
ID_GFMN6F,0
ID_GGO75T,0
ID_GH0HKG,0
ID_GH8KTO,0
ID_GH93BE,0
ID_GHCYHZ,0
ID_GHHC99,0
ID_GHJT6K,0
ID_GHTAKG,0
ID_GHWN60,0
ID_GI10JI,0
ID_GIIK4L,0
ID_GJ55L8,0
ID_GJ6ORS,0
ID_GJJJPK,0
ID_GJL0AC,0
ID_GJOUP4,0
ID_GJZPLJ,0
ID_GKHISB,0
ID_GL7KS1,0
ID_GLRF86,0
ID_GMO9LZ,0
ID_GMVEG1,0
ID_GMZXKH,0
ID_GNHQLW,0
ID_GNK4WX,0
ID_GNVSLN,0
ID_GOHLYS,0
ID_GOSYTL,0
ID_GP1PV3,0
ID_GP7HDV,0
ID_GQ17CG,0
ID_GQ7YMS,0
ID_GQJLV6,0
ID_GQRS8Y,0
ID_GRA1W1,0
ID_GSOZ51,0
ID_GSR17N,0
ID_GSXI9Y,0
ID_GT4BVQ,0
ID_GTHSWE,0
ID_GTJ8R7,0
ID_GTVSTD,0
ID_GUSXU9,0
ID_GUUW0P,0
ID_GWAC4L,0
ID_GWAV8L,0
ID_GWD1UR,0
ID_GWM3YX,0
ID_GWXR4F,0
ID_GX1U5L,0
ID_GX8KX7,0
ID_GXD7FE,0
ID_GXYAWN,0
ID_GY6969,0
ID_GYBBF9,0
ID_GYLQZ7,0
ID_GYR8NX,0
ID_GZVNBV,0
ID_H0AAFO,0
ID_H0AOX7,0
ID_H0GFKO,0
ID_H0HTSW,0
ID_H0KT7Y,0
ID_H14L0H,0
ID_H2G18Q,0
ID_H2LDYB,0
ID_H2YFI6,0
ID_H32D4E,0
ID_H39LD4,0
ID_H3BO87,0
ID_H40YX6,0
ID_H4GJ65,0
ID_H4HDYR,0
ID_H4K9H6,0
ID_H52FVU,0
ID_H54RKB,0
ID_H5ET64,0
ID_H5HL5X,0
ID_H5LZ18,0
ID_H5OB1I,0
ID_H655JR,0
ID_H7EQRD,0
ID_H7J7WI,0
ID_H7K3RP,0
ID_H7NC3W,0
ID_H7WN8X,0
ID_H8H6CK,0
ID_H8P2SG,0
ID_H8WBAV,0
ID_H93PWH,0
ID_H9FE84,0
ID_H9RMKQ,0
ID_H9WJVJ,0
ID_H9XSVK,0
ID_HA1CR1,0
ID_HA1XCT,0
ID_HA9W2S,0
ID_HALWWV,0
ID_HBEC1N,0
ID_HBOEUK,0
ID_HC18W8,0
ID_HC3MYU,0
ID_HDN68J,0
ID_HDQIS3,0
ID_HDROYJ,0
ID_HDSFBU,0
ID_HEC6GM,0
ID_HEEUES,0
ID_HEEWHU,0
ID_HEHFYZ,0
ID_HEIM4P,0
ID_HESMLO,0
ID_HFOSUK,0
ID_HFS26K,0
ID_HFXUR1,0
ID_HGFWGG,0
ID_HGW546,0
ID_HGX6V7,0
ID_HH2U01,0
ID_HHS9VW,0
ID_HHUWFL,0
ID_HIBX8C,0
ID_HIOY8F,0
ID_HJ5DSQ,0
ID_HJC4SJ,0
ID_HJFOT0,0
ID_HK1YCV,0
ID_HKNOZ5,0
ID_HL779A,0
ID_HLF1CI,0
ID_HLH0KS,0
ID_HLQ59C,0
ID_HLWC7F,0
ID_HLX9FW,0
ID_HLYOUF,0
ID_HMA8RO,0
ID_HMCGMW,0
ID_HMVCZZ,0
ID_HNANVZ,0
ID_HNQ08D,0
ID_HNY9PW,0
ID_HO7I7N,0
ID_HOLYVP,0
ID_HOPO13,0
ID_HOQBZT,0
ID_HOW8O6,0
ID_HOWXDZ,0
ID_HOZ24C,0
ID_HPIVRL,0
ID_HPLMVU,0
ID_HPTBPU,0
ID_HPUKZ6,0
ID_HPYQSW,0
ID_HQ9X2P,0
ID_HQDUHL,0
ID_HQG7H0,0
ID_HQJLP8,0
ID_HQN4GP,0
ID_HRLZSB,0
ID_HROMQ6,0
ID_HS9GNE,0
ID_HSMH6E,0
ID_HT1U78,0
ID_HT6E4I,0
ID_HT6I15,0
ID_HTEU2H,0
ID_HTFMEU,0
ID_HTFYK9,0
ID_HTHHPF,0
ID_HUK5T2,0
ID_HUKFU8,0
ID_HUZUAO,0
ID_HV9J52,0
ID_HVDSRN,0
ID_HVDYND,0
ID_HVW61I,0
ID_HWJEEC,0
ID_HX1OHF,0
ID_HX4LLT,0
ID_HXL0HZ,0
ID_HXYF9A,0
ID_HY2A4M,0
ID_HY5IQJ,0
ID_HYNVWE,0
ID_HYRZYQ,0
ID_HZ02SD,0
ID_HZ3XRV,0
ID_HZMVSP,0
ID_HZOLMI,0
ID_I05GYX,0
ID_I07JK3,0
ID_I10393,0
ID_I1CF5P,0
ID_I1IQ44,0
ID_I1ITIT,0
ID_I1X8UI,0
ID_I1YGAJ,0
ID_I2OI7E,0
ID_I3UIJP,0
ID_I42YVA,0
ID_I4AA80,0
ID_I4ODDD,0
ID_I4UV1E,0
ID_I4VJW3,0
ID_I52H7J,0
ID_I56BRA,0
ID_I5CHRB,0
ID_I5HPB3,0
ID_I5WFLJ,0
ID_I5X8PJ,0
ID_I69XBM,0
ID_I6PG4W,0
ID_I70DZB,0
ID_I79TCV,0
ID_I79VII,0
ID_I7G50E,0
ID_I7GT0X,0
ID_I7QMRL,0
ID_I7UPQ7,0
ID_I7YIN8,0
ID_I7Z3EP,0
ID_I83SGZ,0
ID_I867JJ,0
ID_I8MWLS,0
ID_I8XDPS,0
ID_I98D34,0
ID_I9GDTH,0
ID_I9XIE0,0
ID_I9ZEGQ,0
ID_IAA5ZR,0
ID_IBABK2,0
ID_IBR6QT,0
ID_IC3N39,0
ID_ICR16K,0
ID_ICUP4G,0
ID_ID7H90,0
ID_IDAQUB,0
ID_IDDEPN,0
ID_IDM5NJ,0
ID_IDXEMZ,0
ID_IE0NU2,0
ID_IEH8RH,0
ID_IEJ0JB,0
ID_IEOASS,0
ID_IER75T,0
ID_IES4TT,0
ID_IEV3VC,0
ID_IEWPAS,0
ID_IGAI5R,0
ID_IGDVSQ,0
ID_IGLA8K,0
ID_IGX197,0
ID_IH4JKD,0
ID_IHAD2J,0
ID_IHE8M9,0
ID_IHL647,0
ID_IIARPJ,0
ID_IIYWA4,0
ID_IJ2CDM,0
ID_IJJ86K,0
ID_IJKHQU,0
ID_IJZ4QU,0
ID_IKAVSK,0
ID_IKCK2T,0
ID_IL0E5X,0
ID_ILHKZ4,0
ID_ILWJO6,0
ID_ILWVRB,0
ID_IM3MZQ,0
ID_IMA5BC,0
ID_IMI2YQ,0
ID_IMZNQW,0
ID_IN8ARK,0
ID_INCWWP,0
ID_INIRRR,0
ID_IOEJFB,0
ID_IOO9XQ,0
ID_IOPWHR,0
ID_IOZJ22,0
ID_IPL822,0
ID_IPQ0D7,0
ID_IPXLFY,0
ID_IQ38G5,0
ID_IQ73W0,0
ID_IR4MZ4,0
ID_IRIC16,0
ID_IRM8MC,0
ID_IRZO9H,0
ID_IS2BH9,0
ID_ISI19V,0
ID_ISND2N,0
ID_ISTR8L,0
ID_ITEK95,0
ID_ITQXWZ,0
ID_ITSCTU,0
ID_ITT1DF,0
ID_ITZZTL,0
ID_IUECTK,0
ID_IUVT9N,0
ID_IUYIFT,0
ID_IV369O,0
ID_IVCQLS,0
ID_IWNF6E,0
ID_IWQC1K,0
ID_IWUTVY,0
ID_IX5PD5,0
ID_IY3TU8,0
ID_IYGN9H,0
ID_IZ1RN0,0
ID_IZ6NOI,0
ID_IZRV94,0
ID_IZWMP5,0
ID_J04LSN,0
ID_J0G9JY,0
ID_J0TR7Y,0
ID_J0YT53,0
ID_J1C9TV,0
ID_J1EM6R,0
ID_J1MEDY,0
ID_J1OMUK,0
ID_J1UA6J,0
ID_J1X0ZX,0
ID_J272IT,0
ID_J2D21A,0
ID_J33V16,0
ID_J38H09,0
ID_J3SLRV,0
ID_J3TIT4,0
ID_J41GMR,0
ID_J469HO,0
ID_J49SHY,0
ID_J4CTFY,0
ID_J4DMCZ,0
ID_J4G95U,0
ID_J5AT0J,0
ID_J5GADH,0
ID_J5N98S,0
ID_J5PR4L,0
ID_J5T6EK,0
ID_J6G3KU,0
ID_J6RHRV,0
ID_J7421U,0
ID_J789SC,0
ID_J7AQPC,0
ID_J7H6CR,0
ID_J7VHG8,0
ID_J7YW1Y,0
ID_J84DCZ,0
ID_J853GJ,0
ID_J90MNK,0
ID_J9FHTP,0
ID_J9LUYQ,0
ID_JA3VBQ,0
ID_JABUBV,0
ID_JAFYVY,0
ID_JAKBWK,0
ID_JAP6E1,0
ID_JBFZ7E,0
ID_JBJ8FD,0
ID_JCOOW3,0
ID_JD40IC,0
ID_JDBOTV,0
ID_JDPTUV,0
ID_JDRIAY,0
ID_JDSXF9,0
ID_JDV5WU,0
ID_JF6WU0,0
ID_JFEC1Y,0
ID_JFI4MX,0
ID_JFS5UA,0
ID_JFS75I,0
ID_JFVI8E,0
ID_JG1VQN,0
ID_JG71RP,0
ID_JH11EY,0
ID_JH4GVV,0
ID_JH624G,0
ID_JH9SJ2,0
ID_JHGR87,0
ID_JHQ7TS,0
ID_JI0TQF,0
ID_JI14KM,0
ID_JIANB4,0
ID_JIRMNR,0
ID_JIYJX4,0
ID_JJ17JG,0
ID_JJ9PZC,0
ID_JJCCZQ,0
ID_JJX98W,0
ID_JKV2CV,0
ID_JKXOE4,0
ID_JL7ZZJ,0
ID_JLGT7G,0
ID_JLTTPS,0
ID_JLULWZ,0
ID_JM63AX,0
ID_JMA4YI,0
ID_JMB59P,0
ID_JMMUIG,0
ID_JMORTU,0
ID_JMWTV5,0
ID_JNA4T9,0
ID_JNKQ05,0
ID_JNLSQA,0
ID_JO0816,0
ID_JO3LHX,0
ID_JOMEPL,0
ID_JOZRLS,0
ID_JP6T7H,0
ID_JPEP2Z,0
ID_JPF9J9,0
ID_JPYBKC,0
ID_JQ6Z4O,0
ID_JQCE62,0
ID_JQM7F7,0
ID_JQTA7J,0
ID_JR07E3,0
ID_JR0MJ0,0
ID_JRCGRU,0
ID_JS5E2X,0
ID_JS7E83,0
ID_JSEHZM,0
ID_JSEQ8Q,0
ID_JSLKDS,0
ID_JUB69W,0
ID_JULFW2,0
ID_JV03HO,0
ID_JVHN50,0
ID_JWPSKL,0
ID_JWTT7M,0
ID_JX0F57,0
ID_JX5DMM,0
ID_JXGRFW,0
ID_JXIFB2,0
ID_JXLF1F,0
ID_JXO6JD,0
ID_JY4DTG,0
ID_JYKCD5,0
ID_JYNTZU,0
ID_JYRSLO,0
ID_JYWF94,0
ID_JYYQW1,0
ID_JZ1EAG,0
ID_JZ9SK2,0
ID_JZDZCL,0
ID_K08ADC,0
ID_K0H4LW,0
ID_K0MU3Z,0
ID_K0TZ64,0
ID_K28TLU,0
ID_K2DU8Y,0
ID_K2N88C,0
ID_K2UT7Z,0
ID_K314R3,0
ID_K3BVZD,0
ID_K3WJR0,0
ID_K41KF7,0
ID_K43X6I,0
ID_K48DE9,0
ID_K4MOA0,0
ID_K4R5A8,0
ID_K4S9AP,0
ID_K5FWNT,0
ID_K5HQ97,0
ID_K66WAL,0
ID_K6S3VB,0
ID_K6TRAF,0
ID_K6VHN3,0
ID_K6WKZ2,0
ID_K6YOC2,0
ID_K7A66E,0
ID_K7E6PT,0
ID_K80CJ3,0
ID_K80CNO,0
ID_K87BQI,0
ID_K8K9Z7,0
ID_K955HT,0
ID_KA40IE,0
ID_KAD495,0
ID_KAD8HQ,0
ID_KALW2V,0
ID_KASWZZ,0
ID_KB0CMU,0
ID_KB12D6,0
ID_KBBR9E,0
ID_KCB07S,0
ID_KCSACO,0
ID_KCXRHU,0
ID_KDC3ZO,0
ID_KDJVZ2,0
ID_KDMC4L,0
ID_KDRX99,0
ID_KE6CVQ,0
ID_KEL6GC,0
ID_KEN56B,0
ID_KEP4C7,0
ID_KFA6XZ,0
ID_KFBF97,0
ID_KFNAEX,0
ID_KG136W,0
ID_KGK5A1,0
ID_KITA52,0
ID_KJK9DS,0
ID_KJVLPP,0
ID_KKTCV5,0
ID_KL3KYA,0
ID_KLJQ88,0
ID_KLZIN9,0
ID_KM07I8,0
ID_KM6LDI,0
ID_KMMZAL,0
ID_KMXJBI,0
ID_KN60M4,0
ID_KNCLXN,0
ID_KO55XZ,0
ID_KOB3ZM,0
ID_KOL2UL,0
ID_KOPCMZ,0
ID_KOXCZO,0
ID_KOZEXH,0
ID_KP0VAG,0
ID_KPDMD1,0
ID_KPN2PE,0
ID_KPOKU3,0
ID_KPZWPM,0
ID_KQ435U,0
ID_KQ99B8,0
ID_KQ9DH2,0
ID_KQIGTZ,0
ID_KQKU08,0
ID_KQL2Z6,0
ID_KQLCMN,0
ID_KQOP09,0
ID_KQS49S,0
ID_KQVI7N,0
ID_KR32ZL,0
ID_KR5YXJ,0
ID_KR69FG,0
ID_KRAY4O,0
ID_KRBWQ5,0
ID_KRNPJV,0
ID_KSCRLF,0
ID_KSD2IQ,0
ID_KSE7YF,0
ID_KSRG6R,0
ID_KSS6L7,0
ID_KSVO06,0
ID_KT0PZ2,0
ID_KT9SAM,0
ID_KTCWKK,0
ID_KTE371,0
ID_KTM8IK,0
ID_KTU6DG,0
ID_KU1XGF,0
ID_KUB4FS,0
ID_KUBX1D,0
ID_KV1CFI,0
ID_KVCCIU,0
ID_KVE67K,0
ID_KVHIO7,0
ID_KVM6TR,0
ID_KWBX5T,0
ID_KWG6U7,0
ID_KWHQF4,0
ID_KXQ2G9,0
ID_KXTYR0,0
ID_KY3K94,0
ID_KYTHMR,0
ID_L04YQK,0
ID_L0W7CR,0
ID_L10NQ6,0
ID_L11ZVU,0
ID_L20JD3,0
ID_L2DC6X,0
ID_L2PYRO,0
ID_L36A06,0
ID_L3HY4C,0
ID_L424PF,0
ID_L4OV60,0
ID_L4VS0P,0
ID_L4WR96,0
ID_L5AYF0,0
ID_L5H68C,0
ID_L67NPS,0
ID_L69X2K,0
ID_L6LZ86,0
ID_L7B5ZY,0
ID_L7HEUA,0
ID_L7NBFD,0
ID_L8S3GP,0
ID_L8XJ3O,0
ID_L9MMYD,0
ID_L9Q02T,0
ID_LB5EXP,0
ID_LBEPUA,0
ID_LBQGC0,0
ID_LBX7W9,0
ID_LBY5LS,0
ID_LCNYYS,0
ID_LCTFPI,0
ID_LCYOXO,0
ID_LE5SAD,0
ID_LED5SN,0
ID_LF8AZ2,0
ID_LFVDRV,0
ID_LGLK20,0
ID_LGXDIK,0
ID_LHA4RO,0
ID_LHJ0LU,0
ID_LHM0TD,0
ID_LHNO72,0
ID_LHOEK2,0
ID_LHT1MU,0
ID_LHTB94,0
ID_LHY0JZ,0
ID_LI66G4,0
ID_LICJNA,0
ID_LINWSH,0
ID_LJ5F5X,0
ID_LJD21W,0
ID_LJM1IE,0
ID_LJMU7R,0
ID_LJVPLW,0
ID_LK76R6,0
ID_LKP0OR,0
ID_LKSHZW,0
ID_LKW4SF,0
ID_LKZ6R4,0
ID_LL0BZL,0
ID_LLQS3Y,0
ID_LLSK5Q,0
ID_LLTHJL,0
ID_LLYK8L,0
ID_LM4D56,0
ID_LM9KNF,0
ID_LMVUO9,0
ID_LMW0T7,0
ID_LNN104,0
ID_LNPICS,0
ID_LNZPOC,0
ID_LOCX4M,0
ID_LOFA7U,0
ID_LOJ331,0
ID_LOUSFV,0
ID_LP34MO,0
ID_LPDQYM,0
ID_LQ9V26,0
ID_LQ9ZIJ,0
ID_LQG0OK,0
ID_LQQ0LI,0
ID_LR3P6C,0
ID_LRF6BS,0
ID_LRLZ4J,0
ID_LRQ1GG,0
ID_LRVNMJ,0
ID_LS5CHY,0
ID_LSWVAZ,0
ID_LTF2MH,0
ID_LTXMGF,0
ID_LUQRJD,0
ID_LUZUXN,0
ID_LVA0H3,0
ID_LVCRE2,0
ID_LVQXXD,0
ID_LVSQ5Z,0
ID_LW71QW,0
ID_LWRE66,0
ID_LWU3PT,0
ID_LWZQK1,0
ID_LXED9Q,0
ID_LXEF76,0
ID_LXOJKP,0
ID_LXT08Q,0
ID_LY3XLW,0
ID_LY7HSQ,0
ID_LYOD4X,0
ID_LYPLO4,0
ID_LYVQIN,0
ID_LZ0QSN,0
ID_LZ41BS,0
ID_LZJ6D0,0
ID_LZKBOU,0
ID_LZOM3M,0
ID_LZPA5J,0
ID_LZSK1B,0
ID_M03H6Q,0
ID_M0KW1E,0
ID_M0M7NY,0
ID_M0MXID,0
ID_M0NZ6D,0
ID_M16WGD,0
ID_M1KQR1,0
ID_M1NEMK,0
ID_M1U1NP,0
ID_M232IE,0
ID_M2QS6O,0
ID_M2RAJG,0
ID_M2SDNG,0
ID_M2TM8H,0
ID_M30885,0
ID_M3CAJQ,0
ID_M4BRGF,0
ID_M4O7Z8,0
ID_M4U1MF,0
ID_M56MGQ,0
ID_M5EBJE,0
ID_M5EEXO,0
ID_M5P7S3,0
ID_M61PT7,0
ID_M6391N,0
ID_M6GXSB,0
ID_M72HCM,0
ID_M76TV6,0
ID_M7KDH5,0
ID_M7XOBX,0
ID_M7YU6D,0
ID_M85MEL,0
ID_M8AUEU,0
ID_M91X1K,0
ID_M9TCLW,0
ID_MA2DXK,0
ID_MAHENH,0
ID_MAPJAM,0
ID_MAUTUT,0
ID_MB5YXK,0
ID_MB9VWU,0
ID_MBOYZ1,0
ID_MBUTWV,0
ID_MD6OLJ,0
ID_MDAK4O,0
ID_MDQ63Z,0
ID_MDX722,0
ID_MDXA9Q,0
ID_MFEHA7,0
ID_MFU9Q3,0
ID_MFXX97,0
ID_MG8NUA,0
ID_MGCE9T,0
ID_MGRFVN,0
ID_MGS57K,0
ID_MGY5BY,0
ID_MH0AFN,0
ID_MH55W5,0
ID_MHTDTO,0
ID_MHYI7B,0
ID_MICZFY,0
ID_MIJTW7,0
ID_MIJVTX,0
ID_MIMLT7,0
ID_MJ6PWA,0
ID_MJQ6KC,0
ID_MK8DH6,0
ID_MKA83X,0
ID_MKI9S9,0
ID_MKKCOF,0
ID_MLCY21,0
ID_MLGY3V,0
ID_MLNFG6,0
ID_MLP859,0
ID_MLV7RM,0
ID_MLW1RS,0
ID_MMJ5TB,0
ID_MMNZZ9,0
ID_MN7QAO,0
ID_MNSM9T,0
ID_MO3BRY,0
ID_MO3UA5,0
ID_MO8TZ8,0
ID_MOC5A3,0
ID_MOQAOA,0
ID_MPP75F,0
ID_MQKSPY,0
ID_MQW1CT,0
ID_MQW2I7,0
ID_MR4WDO,0
ID_MR68FB,0
ID_MR8GJK,0
ID_MRAK3Y,0
ID_MRYZTC,0
ID_MRZTUO,0
ID_MS41WP,0
ID_MSAZOD,0
ID_MSDJGP,0
ID_MSHTI0,0
ID_MSMS2M,0
ID_MSN1YB,0
ID_MSRXHW,0
ID_MSVNAO,0
ID_MT3U6J,0
ID_MTB34T,0
ID_MTG8SP,0
ID_MTSPRO,0
ID_MTSROM,0
ID_MUV1ZH,0
ID_MV6NWB,0
ID_MVAKMI,0
ID_MVDHWQ,0
ID_MVET09,0
ID_MX89OU,0
ID_MXDQIS,0
ID_MXEY9P,0
ID_MXY3JS,0
ID_MY2FXC,0
ID_MY44VI,0
ID_MYQM26,0
ID_MZ7QG1,0
ID_MZAE2S,0
ID_MZH9R0,0
ID_MZI6XA,0
ID_MZJY90,0
ID_MZO1TS,0
ID_MZPMEL,0
ID_MZQP47,0
ID_MZYN25,0
ID_N02HCK,0
ID_N0AJ5Y,0
ID_N0VJFA,0
ID_N0WAHH,0
ID_N1IX4L,0
ID_N2I8GC,0
ID_N36HOT,0
ID_N3J7GN,0
ID_N3MVLJ,0
ID_N3UTBY,0
ID_N45GN2,0
ID_N4716J,0
ID_N4HX23,0
ID_N4MIMH,0
ID_N4Q2HZ,0
ID_N4VO0X,0
ID_N5BZFL,0
ID_N5I498,0
ID_N5WU3Q,0
ID_N60HMV,0
ID_N62CTJ,0
ID_N6AZ5B,0
ID_N6M5PK,0
ID_N6NX6W,0
ID_N7SG10,0
ID_N7ZCKE,0
ID_N877JG,0
ID_N8S7ZK,0
ID_N9FNVM,0
ID_N9W8R3,0
ID_NA1CTW,0
ID_NAIWXY,0
ID_NAMF64,0
ID_NAPMVJ,0
ID_NAR8V8,0
ID_NBC9WY,0
ID_NBHXP4,0
ID_NC0YVT,0
ID_NCLKPC,0
ID_NCOS2S,0
ID_NCRU28,0
ID_NCX04P,0
ID_NCYF4W,0
ID_NDARH1,0
ID_NDIOUZ,0
ID_NDLTM2,0
ID_NDQMUX,0
ID_NE0I4L,0
ID_NE3OPC,0
ID_NEEBB3,0
ID_NFU2VM,0
ID_NFZXFU,0
ID_NGUJ0D,0
ID_NH1OT9,0
ID_NHG86V,0
ID_NHMQ42,0
ID_NHWL1J,0
ID_NI75S3,0
ID_NI7K74,0
ID_NJBX5G,0
ID_NJDQ2N,0
ID_NJFFDL,0
ID_NJLP2M,0
ID_NJT5M5,0
ID_NK7HOC,0
ID_NKBD5U,0
ID_NKHEIN,0
ID_NKPFFW,0
ID_NLIPVE,0
ID_NLKR9B,0
ID_NLOCRK,0
ID_NMNRI2,0
ID_NN8U1I,0
ID_NNAI9Y,0
ID_NNKZHC,0
ID_NOATDU,0
ID_NOGEQM,0
ID_NOROFT,0
ID_NOTXZP,0
ID_NOU3F0,0
ID_NOVOT5,0
ID_NP6TVV,0
ID_NPAK3H,0
ID_NPDH01,0
ID_NPM9AM,0
ID_NPP39B,0
ID_NPQH3K,0
ID_NPRNFF,0
ID_NPTCTW,0
ID_NQ26G5,0
ID_NQ9BFF,0
ID_NQG1BP,0
ID_NQRHEI,0
ID_NQVGK7,0
ID_NR7B33,0
ID_NRDHY3,0
ID_NRKWDV,0
ID_NRZF1Y,0
ID_NS260J,0
ID_NS31E0,0
ID_NSHQCC,0
ID_NT7LE1,0
ID_NTA49S,0
ID_NTDJYO,0
ID_NTHF58,0
ID_NTKSS1,0
ID_NTMVRZ,0
ID_NTQ186,0
ID_NTV6SH,0
ID_NTX5PM,0
ID_NU6GLE,0
ID_NUAYYE,0
ID_NUFSHD,0
ID_NUKK2V,0
ID_NURDWR,0
ID_NUYCPB,0
ID_NV54BW,0
ID_NV5RF8,0
ID_NVF60A,0
ID_NVKX3F,0
ID_NVW0IT,0
ID_NW2CAY,0
ID_NW6KG0,0
ID_NW79CR,0
ID_NW926J,0
ID_NWVOWN,0
ID_NXO4OS,0
ID_NYGVRB,0
ID_NYRVNW,0
ID_NYXUI1,0
ID_NZO2V4,0
ID_NZP3AR,0
ID_O0TETV,0
ID_O21025,0
ID_O2E0DM,0
ID_O3HB3U,0
ID_O3JT5P,0
ID_O3OSKU,0
ID_O4L4JZ,0
ID_O4TNJP,0
ID_O4ZV32,0
ID_O55EE9,0
ID_O5DEDS,0
ID_O5KSFM,0
ID_O5VEW9,0
ID_O6FGA6,0
ID_O6PX6V,0
ID_O796V3,0
ID_O7ITJ4,0
ID_O7WYAA,0
ID_O83MMV,0
ID_O85ZBT,0
ID_O8S45W,0
ID_O8YIDP,0
ID_O9VY16,0
ID_OAHEVY,0
ID_OAR3BN,0
ID_OB6N08,0
ID_OB94RV,0
ID_OBFUXS,0
ID_OBGO4A,0
ID_OBMILN,0
ID_OCEKKK,0
ID_OCGWPS,0
ID_OCJX8F,0
ID_OCYAZH,0
ID_OD31EB,0
ID_OD6SQ8,0
ID_ODVLQP,0
ID_OEPGFI,0
ID_OESZBH,0
ID_OF6UHD,0
ID_OF8P55,0
ID_OFLR97,0
ID_OG504P,0
ID_OGAKME,0
ID_OGG92A,0
ID_OGS5OH,0
ID_OGUKJZ,0
ID_OGZYG9,0
ID_OH9WZU,0
ID_OHBXR8,0
ID_OHCNJ6,0
ID_OHVDCB,0
ID_OHX55U,0
ID_OI4RSA,0
ID_OI84PG,0
ID_OIZOIB,0
ID_OIZS1J,0
ID_OJ2M9S,0
ID_OJ6N7T,0
ID_OJC64O,0
ID_OJF34S,0
ID_OKDO4X,0
ID_OKS787,0
ID_OL28YO,0
ID_OLBIWR,0
ID_OLWZRS,0
ID_OMOYFD,0
ID_OMULFF,0
ID_OMZ2X6,0
ID_ON9KB3,0
ID_ONH05N,0
ID_ONOZKB,0
ID_ONR1M1,0
ID_ONV6F4,0
ID_ONYE2L,0
ID_OOS6H2,0
ID_OOYG3R,0
ID_OP5KFT,0
ID_OPC9K7,0
ID_OPXN7T,0
ID_OPZBSP,0
ID_OQMLY5,0
ID_OQRKN9,0
ID_OQW9M6,0
ID_ORBL1X,0
ID_ORGJ21,0
ID_ORLAUL,0
ID_ORO3UF,0
ID_ORTVS5,0
ID_OS25XS,0
ID_OS8T9C,0
ID_OSG1K9,0
ID_OSNQ5V,0
ID_OSRG8A,0
ID_OTH1N0,0
ID_OTHU6X,0
ID_OTJ5TK,0
ID_OTU2O3,0
ID_OTUXJY,0
ID_OUHJ6I,0
ID_OUJU8R,0
ID_OUMJ9H,0
ID_OUXEV1,0
ID_OUXV2R,0
ID_OV84CG,0
ID_OVK2XY,0
ID_OVP4ZM,0
ID_OVXQ3W,0
ID_OVZP1L,0
ID_OWAUM2,0
ID_OWNXVF,0
ID_OWU1L0,0
ID_OWUJMI,0
ID_OXHAPK,0
ID_OY45RO,0
ID_OY8MO5,0
ID_OY8TEN,0
ID_OYQ764,0
ID_OYYRO9,0
ID_OZ1J5B,0
ID_OZCEOY,0
ID_OZOVZG,0
ID_P0CUD2,0
ID_P0RONH,0
ID_P0TKKI,0
ID_P0UGX4,0
ID_P0VQRB,0
ID_P11TNK,0
ID_P19AJ4,0
ID_P19OGQ,0
ID_P1YN8E,0
ID_P23QP6,0
ID_P2B72T,0
ID_P2KDTA,0
ID_P2M7A3,0
ID_P2Y93D,0
ID_P34AJH,0
ID_P39EXI,0
ID_P3C5UB,0
ID_P3TP19,0
ID_P3USTP,0
ID_P4JYWT,0
ID_P4TDAN,0
ID_P4U5WU,0
ID_P5LZ9K,0
ID_P6H97K,0
ID_P6OXLN,0
ID_P73C6A,0
ID_P749Y0,0
ID_P76PXJ,0
ID_P7E3WC,0
ID_P7VW3S,0
ID_P829HJ,0
ID_P85NVK,0
ID_P8FF46,0
ID_P8NZ4G,0
ID_P8ZAZA,0
ID_P957HJ,0
ID_P9OE4S,0
ID_P9PQU8,0
ID_P9RILJ,0
ID_PA77Z1,0
ID_PB36BO,0
ID_PBH180,0
ID_PC0OPP,0
ID_PCPMT6,0
ID_PCPZ1N,0
ID_PCUMEX,0
ID_PD3SWY,0
ID_PD8ZHA,0
ID_PDAWOY,0
ID_PDMNO9,0
ID_PDNSF6,0
ID_PE4NHA,0
ID_PEESBM,0
ID_PEO6N8,0
ID_PEQZA1,0
ID_PEW8W3,0
ID_PEYN8S,0
ID_PF2TLW,0
ID_PFIDOF,0
ID_PFIGUU,0
ID_PFU9F2,0
ID_PG24MC,0
ID_PGJVJD,0
ID_PHEIF7,0
ID_PHMMTX,0
ID_PHT240,0
ID_PII2GM,0
ID_PIM2V5,0
ID_PJF12G,0
ID_PJFDS4,0
ID_PJKTMN,0
ID_PJX8DB,0
ID_PK3DTP,0
ID_PK63RH,0
ID_PK9M3P,0
ID_PKA10M,0
ID_PKIPQQ,0
ID_PKJR2M,0
ID_PKK4UB,0
ID_PKXFWT,0
ID_PKYQAK,0
ID_PL6EC3,0
ID_PLRI7Z,0
ID_PLSU07,0
ID_PLU8J3,0
ID_PLZ652,0
ID_PM9NPV,0
ID_PMF4MM,0
ID_PMINX4,0
ID_PMXND6,0
ID_PNBMP9,0
ID_PNMV3N,0
ID_PNPEII,0
ID_PNVJI8,0
ID_PO0P7E,0
ID_PO3KDO,0
ID_PO7QH3,0
ID_POEBUC,0
ID_POQYG2,0
ID_POYYHW,0
ID_PP6VVC,0
ID_PQ38BK,0
ID_PQ3EZL,0
ID_PQMA2Q,0
ID_PR6IRB,0
ID_PRAB5A,0
ID_PREGMA,0
ID_PREKBS,0
ID_PRNUOK,0
ID_PRS4MI,0
ID_PS19F0,0
ID_PS8JE6,0
ID_PSCC4W,0
ID_PSJ110,0
ID_PSJGLE,0
ID_PSR1CI,0
ID_PSWMYX,0
ID_PSZ2RY,0
ID_PSZL6T,0
ID_PT5LM0,0
ID_PTT5EI,0
ID_PTZDPU,0
ID_PU6MFD,0
ID_PUK8LG,0
ID_PUVL4D,0
ID_PV5KCO,0
ID_PV8MMT,0
ID_PVTMW6,0
ID_PWNN4Y,0
ID_PWUAOW,0
ID_PX3VAK,0
ID_PXH3SN,0
ID_PY0VNE,0
ID_PYRTGT,0
ID_PYTPIR,0
ID_PYTTUJ,0
ID_PZBXQ1,0
ID_PZEBRO,0
ID_Q0BYD0,0
ID_Q0JU6T,0
ID_Q0UCG3,0
ID_Q10V8C,0
ID_Q1CR2M,0
ID_Q1PPVS,0
ID_Q1PRBG,0
ID_Q20TQP,0
ID_Q23V7T,0
ID_Q2JPNN,0
ID_Q2MJCU,0
ID_Q2SVYC,0
ID_Q2ZVPM,0
ID_Q3FC8O,0
ID_Q3NUT4,0
ID_Q3O4F6,0
ID_Q3TKJO,0
ID_Q3WILK,0
ID_Q402M3,0
ID_Q4HYN8,0
ID_Q4P0CS,0
ID_Q53E6Y,0
ID_Q5GE26,0
ID_Q5MTA2,0
ID_Q671H4,0
ID_Q6C2BZ,0
ID_Q6HARD,0
ID_Q6HKL5,0
ID_Q71T8F,0
ID_Q7O905,0
ID_Q81S25,0
ID_Q883YN,0
ID_Q8FZKL,0
ID_Q8HHMW,0
ID_Q8JUTG,0
ID_Q8NE03,0
ID_Q8R2JY,0
ID_Q8ZNZ5,0
ID_Q915T3,0
ID_Q95VH5,0
ID_Q9NU1R,0
ID_Q9R96R,0
ID_QA57JD,0
ID_QBQJ42,0
ID_QC0PWO,0
ID_QC6ZK0,0
ID_QCHDBS,0
ID_QCLJGH,0
ID_QCOUE8,0
ID_QCZ66C,0
ID_QDBN8A,0
ID_QDIX3T,0
ID_QDK3CW,0
ID_QEPSQZ,0
ID_QEWLHQ,0
ID_QF0QAY,0
ID_QF4MDY,0
ID_QFMQ1G,0
ID_QGJBYK,0
ID_QGO3GU,0
ID_QGOZ4I,0
ID_QGR89G,0
ID_QGYMMQ,0
ID_QH2456,0
ID_QH805F,0
ID_QHHQXU,0
ID_QI3V4B,0
ID_QIDC16,0
ID_QIOMPE,0
ID_QIXVVD,0
ID_QJC2U1,0
ID_QJSN90,0
ID_QK9DWW,0
ID_QKQELD,0
ID_QKR37H,0
ID_QKRB2E,0
ID_QKZ824,0
ID_QL5ZE1,0
ID_QL6GH2,0
ID_QLA6R4,0
ID_QLSOFQ,0
ID_QLVJ9V,0
ID_QLVXGG,0
ID_QM0SZS,0
ID_QMBRME,0
ID_QMCKZ4,0
ID_QMDEEQ,0
ID_QNY5HI,0
ID_QOF7IP,0
ID_QOPI1J,0
ID_QOUM1Q,0
ID_QP496X,0
ID_QP7HJH,0
ID_QPGJD6,0
ID_QPMZ56,0
ID_QPO40Y,0
ID_QPT79D,0
ID_QPWK15,0
ID_QQ16T5,0
ID_QQ6Z66,0
ID_QQ7WAM,0
ID_QQP07W,0
ID_QSE8RI,0
ID_QSKJ7L,0
ID_QSQ5WZ,0
ID_QSWJ22,0
ID_QT2T5E,0
ID_QT8HE4,0
ID_QTN0Q9,0
ID_QTOHDV,0
ID_QUCDX0,0
ID_QUKVOE,0
ID_QUKWAT,0
ID_QUOG2K,0
ID_QV0W7C,0
ID_QV1Q57,0
ID_QV2SSG,0
ID_QV34KX,0
ID_QVVZX1,0
ID_QW0RHB,0
ID_QWF4IH,0
ID_QWXTBC,0
ID_QXTPKV,0
ID_QY88ZS,0
ID_QY92UE,0
ID_QYSVDS,0
ID_QYTK4O,0
ID_QYZAIH,0
ID_QZ0J7K,0
ID_QZ2FCS,0
ID_QZ32U3,0
ID_QZ4U6E,0
ID_QZL652,0
ID_QZL6IG,0
ID_QZRCBF,0
ID_R00BCE,0
ID_R05MX8,0
ID_R081Q1,0
ID_R0Q302,0
ID_R12LM7,0
ID_R17WYG,0
ID_R18WYH,0
ID_R1AKES,0
ID_R1OI1Y,0
ID_R1YMLR,0
ID_R2CIJR,0
ID_R2FJIZ,0
ID_R2UJ7F,0
ID_R2ZMXV,0
ID_R35MV6,0
ID_R3UBI8,0
ID_R401AC,0
ID_R49DC9,0
ID_R4A393,0
ID_R4DSE7,0
ID_R4J7Z8,0
ID_R4O42A,0
ID_R4SBNB,0
ID_R5ACZ7,0
ID_R5U3EE,0
ID_R5YDEX,0
ID_R5YXSK,0
ID_R6C2RP,0
ID_R6OGYF,0
ID_R6ONCR,0
ID_R760HZ,0
ID_R7ME0H,0
ID_R7OBZZ,0
ID_R7OLXF,0
ID_R9YGSP,0
ID_RAXNOO,0
ID_RB11O4,0
ID_RBE6P8,0
ID_RBF418,0
ID_RBIXW1,0
ID_RBTPQ7,0
ID_RC2CWG,0
ID_RCLAZD,0
ID_RDQ0DA,0
ID_REAWYX,0
ID_REN6E5,0
ID_RES6XP,0
ID_RF9YON,0
ID_RFM7DH,0
ID_RFVVJ5,0
ID_RFZMLG,0
ID_RG2IR1,0
ID_RGJBWK,0
ID_RHHREY,0
ID_RI4FEW,0
ID_RIEVIN,0
ID_RIN1KU,0
ID_RIQKSA,0
ID_RJ1KBW,0
ID_RJMKYV,0
ID_RKJYPQ,0
ID_RL3WON,0
ID_RLAWS1,0
ID_RLJTN0,0
ID_RLYDQM,0
ID_RM1F9X,0
ID_RM566K,0
ID_RM9EGK,0
ID_RMBWWV,0
ID_RMKENY,0
ID_RMPP6I,0
ID_RMRUDP,0
ID_RN5ZLE,0
ID_RO9GDJ,0
ID_ROEDOR,0
ID_ROI69K,0
ID_RON5MZ,0
ID_ROUOXU,0
ID_ROX1L9,0
ID_RPCAXO,0
ID_RPUFYO,0
ID_RQCJA6,0
ID_RQIF3Q,0
ID_RQKNRS,0
ID_RQQRGA,0
ID_RR5RHL,0
ID_RRAGBQ,0
ID_RRE7WX,0
ID_RRK5EC,0
ID_RRLBOC,0
ID_RRNVRK,0
ID_RRZKD6,0
ID_RSJE9G,0
ID_RSOVQV,0
ID_RSQ4NS,0
ID_RT5D67,0
ID_RTM9QU,0
ID_RUB9HQ,0
ID_RUQ637,0
ID_RUVA10,0
ID_RV0X02,0
ID_RVCRU5,0
ID_RVHUAK,0
ID_RVSE6F,0
ID_RVSEAK,0
ID_RVSG5J,0
ID_RWA32Y,0
ID_RWJV1I,0
ID_RWMQZ7,0
ID_RWOIRV,0
ID_RWUXE6,0
ID_RXAE1N,0
ID_RXC3XD,0
ID_RXIH0O,0
ID_RXTNNS,0
ID_RYNQTV,0
ID_RYREHS,0
ID_RYXCXS,0
ID_RZ2XF4,0
ID_RZMW1K,0
ID_RZTNR6,0
ID_S05AKY,0
ID_S08DVR,0
ID_S0BN2H,0
ID_S0EB0M,0
ID_S14PWM,0
ID_S1G6E4,0
ID_S1IZGI,0
ID_S1VXK1,0
ID_S2H4XV,0
ID_S2LM31,0
ID_S2M1FO,0
ID_S33EGS,0
ID_S48VH9,0
ID_S4NSDD,0
ID_S4P09X,0
ID_S4SYU9,0
ID_S4VXZE,0
ID_S58OJY,0
ID_S5FE8D,0
ID_S5MA32,0
ID_S5VX6I,0
ID_S63YHP,0
ID_S66DNB,0
ID_S67MVL,0
ID_S6O2TF,0
ID_S75VBX,0
ID_S77JF7,0
ID_S7LIZA,0
ID_S7MHS8,0
ID_S7W33J,0
ID_S88K4V,0
ID_S8WG35,0
ID_S960RW,0
ID_S9A4UB,0
ID_S9CBKD,0
ID_S9E4W3,0
ID_S9RPGM,0
ID_S9S76D,0
ID_SAX6L4,0
ID_SAXRG8,0
ID_SB9BHK,0
ID_SBBCAP,0
ID_SBG9WW,0
ID_SC59A7,0
ID_SC5YE7,0
ID_SC96WL,0
ID_SCAXEW,0
ID_SCFYH4,0
ID_SCL4JX,0
ID_SCTME9,0
ID_SD5YN8,0
ID_SDDBLI,0
ID_SDDD20,0
ID_SDV9VL,0
ID_SE251I,0
ID_SE3IJ1,0
ID_SE7LBI,0
ID_SELOXJ,0
ID_SERYA9,0
ID_SEZOXR,0
ID_SF9B0E,0
ID_SFAWE6,0
ID_SFNCYL,0
ID_SFYX2N,0
ID_SG0MSZ,0
ID_SG3SKU,0
ID_SG64NE,0
ID_SGDI1C,0
ID_SGGGSS,0
ID_SGMO7J,0
ID_SHKLY8,0
ID_SHNHAU,0
ID_SHV9XC,0
ID_SHZHJ4,0
ID_SI5G95,0
ID_SI8MFG,0
ID_SIKGLY,0
ID_SIXO36,0
ID_SJBBZQ,0
ID_SJYCEE,0
ID_SK7B3S,0
ID_SK8NOT,0
ID_SK99DJ,0
ID_SKISRS,0
ID_SKW52I,0
ID_SL6GZQ,0
ID_SM2YF9,0
ID_SMHN64,0
ID_SMJQ7N,0
ID_SMV7K9,0
ID_SN770K,0
ID_SNVU47,0
ID_SO69BS,0
ID_SOBGNW,0
ID_SOPG6T,0
ID_SOYB1Y,0
ID_SP4KXH,0
ID_SPEF9F,0
ID_SPGZ7Q,0
ID_SPQFBT,0
ID_SPU07J,0
ID_SPVH2Q,0
ID_SPZU3Y,0
ID_SQ7AAV,0
ID_SQA86P,0
ID_SQCZ4B,0
ID_SQS0I2,0
ID_SQXO37,0
ID_SR51RQ,0
ID_SRLJBS,0
ID_SRMUY9,0
ID_SRP27K,0
ID_SSDFU1,0
ID_SSOOXN,0
ID_ST5AOS,0
ID_STDND4,0
ID_STT9BM,0
ID_SUYEGP,0
ID_SV2X3R,0
ID_SVNF6N,0
ID_SVS0NM,0
ID_SVSSXK,0
ID_SVZ97W,0
ID_SW5T6X,0
ID_SW6R6G,0
ID_SWKOA4,0
ID_SWYB54,0
ID_SX6QGC,0
ID_SXFBCE,0
ID_SXNNET,0
ID_SY0AGI,0
ID_SYCCSE,0
ID_SYDCQA,0
ID_SYKAXX,0
ID_SYLIJC,0
ID_SYOKTC,0
ID_SYRGBV,0
ID_SZWQXS,0
ID_T00HTG,0
ID_T07JZ4,0
ID_T07YFP,0
ID_T092G9,0
ID_T0BQLD,0
ID_T0L55N,0
ID_T0NEI8,0
ID_T0QPKM,0
ID_T176PP,0
ID_T1S7BP,0
ID_T1TAEH,0
ID_T24TF3,0
ID_T2DGL2,0
ID_T2DXWM,0
ID_T2H0JJ,0
ID_T2JA4X,0
ID_T2T416,0
ID_T2U6CT,0
ID_T2W3ZU,0
ID_T2XFMN,0
ID_T3LHYS,0
ID_T3S7KK,0
ID_T3TSUT,0
ID_T3YR90,0
ID_T4DNAP,0
ID_T4XR1I,0
ID_T4ZY9O,0
ID_T56WGE,0
ID_T5GYI4,0
ID_T5HVIF,0
ID_T5PVBC,0
ID_T5U6UI,0
ID_T65EKA,0
ID_T75BI8,0
ID_T789NV,0
ID_T8B51Q,0
ID_T8INTZ,0
ID_T8LEMD,0
ID_T9CRZ4,0
ID_T9EPE5,0
ID_T9UXR1,0
ID_TA0PET,0
ID_TA6J9S,0
ID_TBFXSQ,0
ID_TBG3Y7,0
ID_TCEJN9,0
ID_TCNUBT,0
ID_TD0ZQ8,0
ID_TDMC24,0
ID_TDRGQG,0
ID_TE7LYF,0
ID_TECE96,0
ID_TELZR0,0
ID_TEMPZZ,0
ID_TEQCGR,0
ID_TFGL4Q,0
ID_TFVK4S,0
ID_TG8VDH,0
ID_TGX2OX,0
ID_TH1SDT,0
ID_TH54FO,0
ID_TH5LMK,0
ID_THHH1G,0
ID_THXRQ2,0
ID_TI9UX2,0
ID_TIJXLS,0
ID_TIQYB0,0
ID_TIX9DY,0
ID_TJG6MU,0
ID_TK415V,0
ID_TKOAIN,0
ID_TKWVX1,0
ID_TL8RR7,0
ID_TL96G0,0
ID_TLVXUA,0
ID_TMMRGI,0
ID_TN1PTB,0
ID_TNLTO6,0
ID_TNUM0G,0
ID_TO2R90,0
ID_TO34WV,0
ID_TOOIRY,0
ID_TOQFWE,0
ID_TOVA6A,0
ID_TP3TD8,0
ID_TP4LEH,0
ID_TP7OUQ,0
ID_TP8886,0
ID_TPF2X4,0
ID_TPL0DL,0
ID_TPSOAR,0
ID_TPSQCE,0
ID_TPTIYM,0
ID_TQAT78,0
ID_TQC96D,0
ID_TQQ5WY,0
ID_TQWSRE,0
ID_TR753X,0
ID_TRBO4H,0
ID_TRV5LL,0
ID_TRYJMP,0
ID_TSANWY,0
ID_TSFL57,0
ID_TTZXZG,0
ID_TU1MSE,0
ID_TUMH6N,0
ID_TUMM22,0
ID_TUXPZY,0
ID_TVC4F4,0
ID_TVJT8O,0
ID_TW6CP2,0
ID_TWENL6,0
ID_TWJYTL,0
ID_TXPZ5T,0
ID_TXTZNP,0
ID_TXWA7G,0
ID_TY4JEH,0
ID_TYLGE3,0
ID_TYNKOT,0
ID_TYQWY6,0
ID_TZLY7I,0
ID_TZQQ4Q,0
ID_TZWTGF,0
ID_U06VFJ,0
ID_U0FGO7,0
ID_U0GOPN,0
ID_U0Z8CO,0
ID_U0ZT5J,0
ID_U1868S,0
ID_U1M2LA,0
ID_U1NEGL,0
ID_U24ZR2,0
ID_U2ZYD3,0
ID_U3CMYF,0
ID_U3D83K,0
ID_U3G3HV,0
ID_U3JPLV,0
ID_U3WC1H,0
ID_U4GE45,0
ID_U4KWPK,0
ID_U4LCC7,0
ID_U4MH6V,0
ID_U4N32Q,0
ID_U4SGZW,0
ID_U51CCO,0
ID_U5FFPS,0
ID_U5WPHP,0
ID_U6ALPR,0
ID_U6I85K,0
ID_U6K8TV,0
ID_U6RLZ3,0
ID_U6TLEP,0
ID_U7FDMQ,0
ID_U7HPIV,0
ID_U7PEGP,0
ID_U8H19G,0
ID_U90PF5,0
ID_U9DLVB,0
ID_UA2PRP,0
ID_UAAHI4,0
ID_UB1UUN,0
ID_UB2M2P,0
ID_UB7I41,0
ID_UBLZPE,0
ID_UC0BMY,0
ID_UC51W2,0
ID_UC5DF6,0
ID_UC78K8,0
ID_UCAMN1,0
ID_UCRADE,0
ID_UCTTB0,0
ID_UDADHT,0
ID_UDBAID,0
ID_UDORM1,0
ID_UE4T5W,0
ID_UE509Q,0
ID_UE5EPK,0
ID_UECN3X,0
ID_UELV1I,0
ID_UEQFZ8,0
ID_UEXMG1,0
ID_UFMCCE,0
ID_UG1YXH,0
ID_UG3ARU,0
ID_UGCLV0,0
ID_UGDA1R,0
ID_UGIRDM,0
ID_UGR93A,0
ID_UGRK5T,0
ID_UHAWHX,0
ID_UHBK2E,0
ID_UHLBNW,0
ID_UHMO54,0
ID_UICMQP,0
ID_UIHDQT,0
ID_UJ4TBZ,0
ID_UJHE2M,0
ID_UJLN4Z,0
ID_UJRPLW,0
ID_UJZLRA,0
ID_UK7N7F,0
ID_UKNHET,0
ID_UKZ0GU,0
ID_ULG23V,0
ID_ULIRX2,0
ID_UN1K7V,0
ID_UN937T,0
ID_UNC0HV,0
ID_UNF5ZK,0
ID_UNLS50,0
ID_UNT1CF,0
ID_UO1RMT,0
ID_UO5126,0
ID_UOIXFJ,0
ID_UOOVGF,0
ID_UOSX0V,0
ID_UOZQEH,0
ID_UP5OQ5,0
ID_UPNY0M,0
ID_UPQ1DL,0
ID_UQAXD1,0
ID_UQPAHX,0
ID_URVNR7,0
ID_USBZ9I,0
ID_USKOZI,0
ID_USRY5N,0
ID_USYPO6,0
ID_UT5TIV,0
ID_UTW83X,0
ID_UUGCEI,0
ID_UV1040,0
ID_UVDIK7,0
ID_UVW98O,0
ID_UW9NPG,0
ID_UWIHRT,0
ID_UWK296,0
ID_UWM54P,0
ID_UWT83U,0
ID_UX114U,0
ID_UX9U21,0
ID_UXE4BW,0
ID_UXKRYI,0
ID_UXSYIL,0
ID_UY41KZ,0
ID_UYF9TE,0
ID_UYRBB4,0
ID_UYUDCW,0
ID_UYV21S,0
ID_UZ2JXR,0
ID_UZCEZ3,0
ID_UZH42A,0
ID_UZP6YL,0
ID_UZXH8Q,0
ID_V052FY,0
ID_V076VT,0
ID_V0UHV7,0
ID_V0UYR0,0
ID_V11K6Q,0
ID_V13PEL,0
ID_V1B97Z,0
ID_V1MO97,0
ID_V20FWM,0
ID_V2C6GY,0
ID_V2YH5T,0
ID_V3JD47,0
ID_V3Y66S,0
ID_V479MI,0
ID_V4NMVO,0
ID_V4NUUT,0
ID_V4TMV3,0
ID_V5IYS0,0
ID_V5XO2E,0
ID_V60WGR,0
ID_V6P8MY,0
ID_V6TUFK,0
ID_V7BMNG,0
ID_V7FUIZ,0
ID_V8M6TY,0
ID_V8NNH9,0
ID_V8OO1U,0
ID_V8USE8,0
ID_V8XX8C,0
ID_V8ZDHT,0
ID_V916Z1,0
ID_V9358R,0
ID_V98V7H,0
ID_V9ERP6,0
ID_V9IH1A,0
ID_V9OD9W,0
ID_V9YVSL,0
ID_VA1EFB,0
ID_VA31MX,0
ID_VAGYKO,0
ID_VASFWU,0
ID_VAV9NA,0
ID_VB1LGM,0
ID_VB5D72,0
ID_VBPEWR,0
ID_VBUBAD,0
ID_VC5SAM,0
ID_VCR2PP,0
ID_VCS2P2,0
ID_VDL8EC,0
ID_VEAY7H,0
ID_VEC9ZA,0
ID_VERT4L,0
ID_VF1Z75,0
ID_VF5MEY,0
ID_VFB452,0
ID_VFLUTA,0
ID_VFNZ0W,0
ID_VGFB1N,0
ID_VGFCQ9,0
ID_VGUW1K,0
ID_VH8LBZ,0
ID_VHHCAP,0
ID_VHN8NB,0
ID_VHT92B,0
ID_VIF4K7,0
ID_VIIBDQ,0
ID_VIOTPB,0
ID_VJF161,0
ID_VJN3CV,0
ID_VJZIC9,0
ID_VK4T3Z,0
ID_VKYGTA,0
ID_VL6JG2,0
ID_VMS1JO,0
ID_VMTTGP,0
ID_VNUGDK,0
ID_VOB7Q3,0
ID_VOI8MZ,0
ID_VORW42,0
ID_VOTP2Z,0
ID_VOYXRN,0
ID_VP7KYL,0
ID_VPI6GE,0
ID_VPL7XT,0
ID_VPW0C8,0
ID_VQ0RUG,0
ID_VQB64F,0
ID_VQCH6O,0
ID_VQV4G1,0
ID_VR3R82,0
ID_VR43C9,0
ID_VR6YFP,0
ID_VR79CZ,0
ID_VRXTQW,0
ID_VS4MQI,0
ID_VS9ZT4,0
ID_VSA579,0
ID_VSZWL6,0
ID_VT78XQ,0
ID_VTC42M,0
ID_VTI2SK,0
ID_VTJIQ8,0
ID_VTSH03,0
ID_VTY813,0
ID_VUTW7B,0
ID_VUYZTG,0
ID_VVAZE1,0
ID_VVRIBO,0
ID_VVSUM6,0
ID_VW7A2T,0
ID_VW8KVG,0
ID_VW8NKY,0
ID_VWD7DI,0
ID_VWER2H,0
ID_VWF9MC,0
ID_VWSB5I,0
ID_VX09LC,0
ID_VX1DKA,0
ID_VX6U8J,0
ID_VXADW0,0
ID_VXF1A6,0
ID_VXHQAO,0
ID_VYEK2Z,0
ID_VZLMWV,0
ID_VZYQVP,0
ID_W09R2F,0
ID_W0LU2Q,0
ID_W0NHB6,0
ID_W0O97A,0
ID_W0P712,0
ID_W0Y2SB,0
ID_W18Z1F,0
ID_W1X8O9,0
ID_W25CCE,0
ID_W2SSXO,0
ID_W2T3BK,0
ID_W2V0JK,0
ID_W2ZU3T,0
ID_W38GKG,0
ID_W3AR9O,0
ID_W3FXUG,0
ID_W3XWOF,0
ID_W41FFU,0
ID_W4693J,0
ID_W48H0N,0
ID_W49DDO,0
ID_W4DSPL,0
ID_W4JDN2,0
ID_W4PTZC,0
ID_W4SQ4B,0
ID_W5J8K5,0
ID_W5MFFZ,0
ID_W5ORRY,0
ID_W5PX5B,0
ID_W5SLZU,0
ID_W65OCF,0
ID_W6E5ZI,0
ID_W6NLSB,0
ID_W7MNWE,0
ID_W7VAF8,0
ID_W83ZHZ,0
ID_W8KRFU,0
ID_W8LIVI,0
ID_W90Q69,0
ID_W915RF,0
ID_W94S25,0
ID_W94VQ2,0
ID_W9GLXO,0
ID_W9KMHZ,0
ID_W9YARE,0
ID_WA1899,0
ID_WAJLX8,0
ID_WB5PZ3,0
ID_WBOTZU,0
ID_WCM7AJ,0
ID_WCRCL4,0
ID_WCSZKU,0
ID_WCXS71,0
ID_WCY009,0
ID_WD1SF0,0
ID_WD5RGA,0
ID_WD7COW,0
ID_WDJJU3,0
ID_WDKKEX,0
ID_WDNZ6I,0
ID_WDX8DB,0
ID_WDYO9K,0
ID_WF9NAM,0
ID_WG2SNW,0
ID_WGZVX8,0
ID_WHDJP4,0
ID_WHH6GX,0
ID_WHJZDT,0
ID_WHO6LR,0
ID_WI47IJ,0
ID_WIKHL9,0
ID_WIQT3G,0
ID_WISH6M,0
ID_WIU5FW,0
ID_WIVDL1,0
ID_WJU1GX,0
ID_WK1H30,0
ID_WK4GBG,0
ID_WL9TUM,0
ID_WLHISY,0
ID_WLIBPE,0
ID_WLJWYB,0
ID_WM2HE6,0
ID_WMNL00,0
ID_WMOM4E,0
ID_WMPHSV,0
ID_WMQNJV,0
ID_WMZ26Y,0
ID_WN1EXS,0
ID_WN6Q6H,0
ID_WNMRJ9,0
ID_WO1RBD,0
ID_WO3DEB,0
ID_WOC7OI,0
ID_WP084P,0
ID_WPA64H,0
ID_WPFHQP,0
ID_WPM54L,0
ID_WPRX1R,0
ID_WQ3I0H,0
ID_WQ5K4A,0
ID_WQ8HCA,0
ID_WR1KS5,0
ID_WR51SV,0
ID_WR7RVY,0
ID_WRDX6G,0
ID_WRYB3P,0
ID_WRZDQC,0
ID_WS6IFX,0
ID_WSC7P9,0
ID_WSD7EL,0
ID_WSMS0X,0
ID_WT5PRK,0
ID_WTFVGC,0
ID_WTRR5A,0
ID_WTRT6S,0
ID_WUHJ2F,0
ID_WUJEH5,0
ID_WV5KIG,0
ID_WV7RFQ,0
ID_WVG0ZW,0
ID_WVIW6U,0
ID_WVMDML,0
ID_WWD4KP,0
ID_WWON37,0
ID_WX4SNX,0
ID_WXAYHH,0
ID_WXK3RH,0
ID_WY31NT,0
ID_WYF6DM,0
ID_WYM79Z,0
ID_WZ98UN,0
ID_WZBAFM,0
ID_WZJP44,0
ID_WZQSA0,0
ID_WZU6RN,0
ID_WZXYF6,0
ID_X0E2VF,0
ID_X0LSX0,0
ID_X0N8FY,0
ID_X0RUYV,0
ID_X0SMDX,0
ID_X12AT3,0
ID_X1D9D9,0
ID_X1F0M8,0
ID_X1R30Z,0
ID_X1ROV5,0
ID_X1TZPW,0
ID_X27E6D,0
ID_X2KGQ1,0
ID_X2S5LU,0
ID_X3QRZI,0
ID_X3XBHZ,0
ID_X3Z8JN,0
ID_X45TLS,0
ID_X4IK6R,0
ID_X549K8,0
ID_X550KL,0
ID_X5BA4I,0
ID_X5O5E2,0
ID_X5R7D3,0
ID_X5SNGP,0
ID_X61FVC,0
ID_X65VLP,0
ID_X662VY,0
ID_X673EG,0
ID_X68HEN,0
ID_X6AZ98,0
ID_X705BL,0
ID_X70C0F,0
ID_X749KY,0
ID_X7EO89,0
ID_X7R927,0
ID_X7V2JE,0
ID_X8599L,0
ID_X8L7NU,0
ID_X8LQ8N,0
ID_X8PSYY,0
ID_X99H3L,0
ID_X9GTWE,0
ID_X9VSEM,0
ID_X9WZ7W,0
ID_X9Y0OH,0
ID_XA56HW,0
ID_XA9N4S,0
ID_XAHZAU,0
ID_XAJDUU,0
ID_XAJYJY,0
ID_XAU9F3,0
ID_XAXSQE,0
ID_XAZM8X,0
ID_XBFUNA,0
ID_XBK9E8,0
ID_XBXPDS,0
ID_XC2DIG,0
ID_XCHU2Y,0
ID_XCS6XU,0
ID_XDUYI3,0
ID_XDW7RM,0
ID_XEHVNL,0
ID_XERMI1,0
ID_XEUK32,0
ID_XEXZ1A,0
ID_XF7IVX,0
ID_XFTSFR,0
ID_XFVJJQ,0
ID_XFW5TC,0
ID_XFZUUP,0
ID_XGGHTG,0
ID_XGMDRY,0
ID_XGN3N1,0
ID_XGSB03,0
ID_XGY935,0
ID_XH2PFP,0
ID_XH4JQ1,0
ID_XH4T0A,0
ID_XHXEP7,0
ID_XHZ3DQ,0
ID_XHZK2N,0
ID_XI191A,0
ID_XJK4T3,0
ID_XJM3IB,0
ID_XJWV5T,0
ID_XK5JKM,0
ID_XLBJ1C,0
ID_XM3E1U,0
ID_XML6E8,0
ID_XMPWKP,0
ID_XMZN5O,0
ID_XN4CYC,0
ID_XN5QAJ,0
ID_XN8F7P,0
ID_XNC2VL,0
ID_XNIDDI,0
ID_XNLDBC,0
ID_XNZFGG,0
ID_XO5QQB,0
ID_XOWCMH,0
ID_XOXN1U,0
ID_XP0QHY,0
ID_XPQP1J,0
ID_XPXEJY,0
ID_XQP133,0
ID_XQQGZP,0
ID_XQUNOR,0
ID_XRJ4XF,0
ID_XRRQ17,0
ID_XRZZ0Q,0
ID_XS6ML8,0
ID_XS9D51,0
ID_XSE4YQ,0
ID_XSSXA9,0
ID_XSUL3L,0
ID_XSXE26,0
ID_XT1SJW,0
ID_XTAAAC,0
ID_XTNCTP,0
ID_XTPV13,0
ID_XUF029,0
ID_XUGZZ3,0
ID_XUNBU5,0
ID_XV1O9L,0
ID_XVDUTU,0
ID_XVTX2A,0
ID_XVXYDR,0
ID_XVY9B0,0
ID_XWLRTU,0
ID_XWU1OL,0
ID_XWUFW0,0
ID_XX9THF,0
ID_XY1CT0,0
ID_XY573Q,0
ID_XYP9WH,0
ID_XYTK4O,0
ID_XZ18FI,0
ID_XZEBAK,0
ID_XZJSW8,0
ID_XZK004,0
ID_Y0NVGV,0
ID_Y0S7JE,0
ID_Y1FO8G,0
ID_Y1QE77,0
ID_Y1YZTR,0
ID_Y2FED0,0
ID_Y2H333,0
ID_Y2IQTZ,0
ID_Y2POYI,0
ID_Y2U2OU,0
ID_Y35MPV,0
ID_Y37K7Y,0
ID_Y3BBKT,0
ID_Y3I9BW,0
ID_Y3ONDC,0
ID_Y3VKJ8,0
ID_Y41HJO,0
ID_Y4HC9E,0
ID_Y4S0Z1,0
ID_Y4SJ68,0
ID_Y5OKTA,0
ID_Y5YSJJ,0
ID_Y5YTI4,0
ID_Y6FYC9,0
ID_Y6HZG8,0
ID_Y73P42,0
ID_Y7AHZF,0
ID_Y7XGDW,0
ID_Y7YDE8,0
ID_Y89CZY,0
ID_Y8HHH2,0
ID_Y8LGTC,0
ID_Y96NRT,0
ID_Y9HG0Q,0
ID_Y9QQP2,0
ID_Y9QUEZ,0
ID_Y9T9LX,0
ID_Y9XB75,0
ID_YAD7X0,0
ID_YAXOE9,0
ID_YBJT3Q,0
ID_YBKR8C,0
ID_YBRG4H,0
ID_YBRGUT,0
ID_YBXQ2E,0
ID_YBYMLW,0
ID_YC6HP7,0
ID_YCFXVW,0
ID_YD5471,0
ID_YD6TMV,0
ID_YDG6BH,0
ID_YE6WQO,0
ID_YELZJJ,0
ID_YEMX8Q,0
ID_YEOCZ2,0
ID_YEP415,0
ID_YF5GAO,0
ID_YF7MV7,0
ID_YF9588,0
ID_YFDE9B,0
ID_YH80QD,0
ID_YHCGHQ,0
ID_YHGIYO,0
ID_YHHKS4,0
ID_YHSNYE,0
ID_YIR7QB,0
ID_YITO6M,0
ID_YIYF5Z,0
ID_YJ8GMZ,0
ID_YJJUB4,0
ID_YJO7PN,0
ID_YJRKBO,0
ID_YJSOKO,0
ID_YK3BIX,0
ID_YKG19B,0
ID_YKS4UA,0
ID_YKSCOS,0
ID_YKZ1CY,0
ID_YL7ONO,0
ID_YLSNQH,0
ID_YLYJ1R,0
ID_YM1DC9,0
ID_YMFNSV,0
ID_YMLCLM,0
ID_YMQFAF,0
ID_YMU7U6,0
ID_YMVB12,0
ID_YN0CZI,0
ID_YN8P79,0
ID_YNAE1U,0
ID_YNJWAG,0
ID_YNXE2J,0
ID_YNYC2A,0
ID_YO32FZ,0
ID_YO3FVX,0
ID_YOB82P,0
ID_YODPVK,0
ID_YP3LQA,0
ID_YP8CUQ,0
ID_YPD9TA,0
ID_YPQOAO,0
ID_YQ8FR0,0
ID_YQ95O5,0
ID_YQAGWT,0
ID_YQTB8H,0
ID_YRXB1U,0
ID_YSE0PG,0
ID_YSN4LV,0
ID_YSQOL1,0
ID_YT8WHR,0
ID_YTDALZ,0
ID_YTEYZD,0
ID_YTLU91,0
ID_YTN2JJ,0
ID_YTQALR,0
ID_YTSXBK,0
ID_YTZJAE,0
ID_YU2FDJ,0
ID_YU2GET,0
ID_YU411J,0
ID_YU7K1P,0
ID_YUB2GH,0
ID_YUJE0M,0
ID_YUZLXZ,0
ID_YV023R,0
ID_YW3DXI,0
ID_YW7ZP7,0
ID_YW8GWI,0
ID_YWDR3H,0
ID_YWF35R,0
ID_YWML9I,0
ID_YWRCR8,0
ID_YWXT2Q,0
ID_YX5X77,0
ID_YX8FF8,0
ID_YXMYV7,0
ID_YYA3EE,0
ID_YYQKXW,0
ID_YYWBX2,0
ID_YZ1F46,0
ID_YZBU3R,0
ID_YZGRST,0
ID_YZHQXB,0
ID_YZVUWL,0
ID_YZXEQ7,0
ID_Z00T97,0
ID_Z07J8D,0
ID_Z0G92H,0
ID_Z0PR3A,0
ID_Z190BW,0
ID_Z243IO,0
ID_Z292XL,0
ID_Z2B3UC,0
ID_Z2GUQ7,0
ID_Z30PMI,0
ID_Z37CV3,0
ID_Z37WDC,0
ID_Z3J73L,0
ID_Z3WBGX,0
ID_Z3YPL7,0
ID_Z4OXRQ,0
ID_Z513LE,0
ID_Z542X4,0
ID_Z5BXPE,0
ID_Z5ENF6,0
ID_Z5FQXC,0
ID_Z5P4O5,0
ID_Z6AZF1,0
ID_Z6FAST,0
ID_Z6Y8VT,0
ID_Z72TNK,0
ID_Z7J0ZE,0
ID_Z7NM0X,0
ID_Z7QPDI,0
ID_Z7SXQC,0
ID_Z7WG76,0
ID_Z7YL90,0
ID_Z80DW5,0
ID_Z8JD30,0
ID_Z8JK9T,0
ID_Z8MTC0,0
ID_Z93MET,0
ID_Z9ICW9,0
ID_Z9Q89T,0
ID_Z9S5B3,0
ID_ZA6CQX,0
ID_ZAAPY5,0
ID_ZAOBZO,0
ID_ZB0P8N,0
ID_ZB7HG8,0
ID_ZBDJC0,0
ID_ZBOEU8,0
ID_ZC0EBY,0
ID_ZCZU71,0
ID_ZDS949,0
ID_ZE1TPB,0
ID_ZEM5CG,0
ID_ZEQZ8O,0
ID_ZES4IU,0
ID_ZEYLWR,0
ID_ZFSVIV,0
ID_ZFUR5K,0
ID_ZFVB0S,0
ID_ZG5L7J,0
ID_ZG99NL,0
ID_ZGM1HU,0
ID_ZGRGPB,0
ID_ZHGNZW,0
ID_ZHXALM,0
ID_ZI888V,0
ID_ZJ0F39,0
ID_ZJ342F,0
ID_ZJZS2E,0
ID_ZK2QSG,0
ID_ZKBVVJ,0
ID_ZKG45R,0
ID_ZKJQAV,0
ID_ZKPGJN,0
ID_ZLD3T3,0
ID_ZLVJYE,0
ID_ZM66VI,0
ID_ZM69OI,0
ID_ZM6HBY,0
ID_ZMV2UL,0
ID_ZN0TAJ,0
ID_ZNEXA7,0
ID_ZNRSZD,0
ID_ZNZ9K8,0
ID_ZOOXF8,0
ID_ZOPA46,0
ID_ZOUZ70,0
ID_ZPPA2B,0
ID_ZPREP8,0
ID_ZQ5YMD,0
ID_ZQ74RN,0
ID_ZQED4W,0
ID_ZQVJA2,0
ID_ZQWAK9,0
ID_ZR69S4,0
ID_ZRPGGA,0
ID_ZS5ML4,0
ID_ZS95H9,0
ID_ZT3ZJT,0
ID_ZTDJZ8,0
ID_ZTYFIP,0
ID_ZU50EO,0
ID_ZU8JOJ,0
ID_ZUEKOJ,0
ID_ZUFO6I,0
ID_ZUJYFO,0
ID_ZUO757,0
ID_ZVRBUH,0
ID_ZW2W7G,0
ID_ZWJNZ8,0
ID_ZWT9HC,0
ID_ZWUBIB,0
ID_ZX1GS0,0
ID_ZX8OYM,0
ID_ZXIW1V,0
ID_ZY6V5P,0
ID_ZYB1YM,0
ID_ZYTJLT,0
ID_ZZ45FM,0
ID_ZZDIWJ,0
ID_ZZF44B,0
ID_ZZXGY3,0
ID_00AYMD,0
ID_00CN88,0
ID_00H869,0
ID_0179H6,0
ID_01JGBB,0
ID_02CE7O,0
ID_02N01X,0
ID_02PDBB,0
ID_02REMP,0
ID_0370Y1,0
ID_03A32K,0
ID_03YRWR,0
ID_041460,0
ID_04BWUO,0
ID_04WCBM,0
ID_07ZHVS,0
ID_08FN49,0
ID_08LV9A,0
ID_08VZZN,0
ID_09D8EN,0
ID_09YBJ1,0
ID_09YP3A,0
ID_0AXVTQ,0
ID_0BW7HK,0
ID_0D878L,0
ID_0DXDDN,0
ID_0EW1PM,0
ID_0EYW11,0
ID_0FKWOO,0
ID_0GPVZ3,0
ID_0KJ9PR,0
ID_0L6Z7Z,0
ID_0LCFEV,0
ID_0NDNYH,0
ID_0OL5PJ,0
ID_0ON39X,0
ID_0OQGR8,0
ID_0OWZ5N,0
ID_0SN268,0
ID_0SZNOT,0
ID_0T2EAR,0
ID_0T2JP5,0
ID_0TG4LV,0
ID_0TUTKM,0
ID_0WYOJD,0
ID_0ZLT8F,0
ID_0ZVMFK,0
ID_10RGAI,0
ID_11LP80,0
ID_11S91T,0
ID_12RY1S,0
ID_12XBA3,0
ID_12Z10X,0
ID_13BNLH,0
ID_13GCCJ,0
ID_13O1MU,0
ID_14GFP5,0
ID_15G3G3,0
ID_15GQCR,0
ID_15H68I,0
ID_15YF13,0
ID_16M0UF,0
ID_17XCXA,0
ID_193HUZ,0
ID_19MSFC,0
ID_1AI88B,0
ID_1AKE9O,0
ID_1BT51Z,0
ID_1CDUX9,0
ID_1CDVZT,0
ID_1CZMIF,0
ID_1DU934,0
ID_1EWLJF,0
ID_1FGONI,0
ID_1FTQVW,0
ID_1G23B3,0
ID_1GHK67,0
ID_1GKYOS,0
ID_1GL5N5,0
ID_1GNFKI,0
ID_1H25M0,0
ID_1HJROT,0
ID_1HS10Q,0
ID_1JB4VI,0
ID_1K1JFQ,0
ID_1K4Z7G,0
ID_1LQHYD,0
ID_1LREYV,0
ID_1M2VZE,0
ID_1MX7XU,0
ID_1N7MM3,0
ID_1NTEPY,0
ID_1O7QPR,0
ID_1OEGD6,0
ID_1OGVYO,0
ID_1OLEW1,0
ID_1QENO2,0
ID_1QQAYB,0
ID_1RM6MR,0
ID_1RZ8CM,0
ID_1SATOP,0
ID_1SDI2H,0
ID_1SKJ6M,0
ID_1SRE8U,0
ID_1TUJTW,0
ID_1U2U6N,0
ID_1URUYE,0
ID_1VI1IK,0
ID_1WZS3Q,0
ID_1X4S1A,0
ID_1XDNRZ,0
ID_1XS3CL,0
ID_1XTNDN,0
ID_1XV1LA,0
ID_1YD0R5,0
ID_1YE8EH,0
ID_1YT6MU,0
ID_1ZOVJF,0
ID_20URMR,0
ID_21E7OX,0
ID_21PEXI,0
ID_221Q1R,0
ID_242EZH,0
ID_24FVFR,0
ID_267RWP,0
ID_26WBUY,0
ID_270LEP,0
ID_2778DB,0
ID_27DK7X,0
ID_27FD0C,0
ID_290C90,0
ID_29GCIE,0
ID_2CAGGV,0
ID_2D0W5Y,0
ID_2D3HOA,0
ID_2DJBFN,0
ID_2EZRR3,0
ID_2G6BY3,0
ID_2GKXWU,0
ID_2GPAH9,0
ID_2HH2L8,0
ID_2HI0H0,0
ID_2HI33X,0
ID_2I6D9C,0
ID_2J132O,0
ID_2LPD4W,0
ID_2NLFOY,0
ID_2NU4OE,0
ID_2Q17I9,0
ID_2QFK5E,0
ID_2R73IJ,0
ID_2RO0QW,0
ID_2RP8CD,0
ID_2RU9PU,0
ID_2SCZTY,0
ID_2SDICU,0
ID_2SPM05,0
ID_2SW53T,0
ID_2THATM,0
ID_2VNZ8G,0
ID_2WFRXX,0
ID_2XKGGL,0
ID_2YFWGY,0
ID_2YZKM6,0
ID_2ZFBPG,0
ID_2ZMK6I,0
ID_2ZWHQ5,0
ID_31MJRP,0
ID_34CBUS,0
ID_34RBMT,0
ID_34W4FH,0
ID_36DHB1,0
ID_36NWHR,0
ID_37A8D9,0
ID_37CAMP,0
ID_380H7O,0
ID_38DYW8,0
ID_39QRYQ,0
ID_3A415S,0
ID_3B14IA,0
ID_3BCEJ5,0
ID_3BVECU,0
ID_3BWO4M,0
ID_3C7RB4,0
ID_3DIX1W,0
ID_3DQRVA,0
ID_3FJKKZ,0
ID_3G21S1,0
ID_3GIL6E,0
ID_3JDVTN,0
ID_3JG8UI,0
ID_3JURBK,0
ID_3KB8DT,0
ID_3KGS28,0
ID_3L09W3,0
ID_3LG4C1,0
ID_3NFPNQ,0
ID_3NJ92A,0
ID_3NMYV0,0
ID_3OSY9X,0
ID_3P0T2V,0
ID_3PBV8W,0
ID_3PHH1J,0
ID_3Q0ZM6,0
ID_3QTRX3,0
ID_3RB7IP,0
ID_3RLQZ4,0
ID_3TUMD2,0
ID_3TZ0Y3,0
ID_3USUO9,0
ID_3VKB02,0
ID_3WOIKP,0
ID_3X2HBM,0
ID_3XHU4H,0
ID_3XJSAP,0
ID_3XWZAL,0
ID_3Z0B1N,0
ID_3Z4ZA8,0
ID_402E1P,0
ID_409LXL,0
ID_40P99F,0
ID_419RE2,0
ID_41C140,0
ID_41DN1R,0
ID_41Z3I8,0
ID_447PRF,0
ID_44U90V,0
ID_475F79,0
ID_47BILJ,0
ID_47EFN5,0
ID_47KBUX,0
ID_47SZYK,0
ID_48Z3VI,0
ID_495TE0,0
ID_49MQFW,0
ID_4A0E35,0
ID_4AAF21,0
ID_4ACWTZ,0
ID_4ALBA7,0
ID_4AUU4O,0
ID_4BAI78,0
ID_4C806Z,0
ID_4CQW89,0
ID_4EU3UF,0
ID_4FJ71T,0
ID_4FJGMK,0
ID_4HQ8VQ,0
ID_4J0OLW,0
ID_4L5YBA,0
ID_4LC6X3,0
ID_4M34NR,0
ID_4NVB8S,0
ID_4OHC9S,0
ID_4OP20D,0
ID_4OY06A,0
ID_4P3T7W,0
ID_4PC7HM,0
ID_4PEAVO,0
ID_4POLK6,0
ID_4Q1K4D,0
ID_4QSMAQ,0
ID_4QV4VV,0
ID_4RA57J,0
ID_4S5HVZ,0
ID_4SKW4R,0
ID_4SVZ6G,0
ID_4TGT9I,0
ID_4TW9TZ,0
ID_4UNWRN,0
ID_4UQ34S,0
ID_4UUVO8,0
ID_4UZSJL,0
ID_4V5IEQ,0
ID_4W9NKN,0
ID_4Y02T9,0
ID_4YH37A,0
ID_4ZU514,0
ID_4ZWMDG,0
ID_5027ID,0
ID_5105WG,0
ID_5140O6,0
ID_51H9LP,0
ID_52AG2C,0
ID_5304BQ,0
ID_542L0V,0
ID_54H5MM,0
ID_54O5E4,0
ID_54RE69,0
ID_56025P,0
ID_56R0HH,0
ID_57GCY4,0
ID_595E3M,0
ID_595WX1,0
ID_59D9DY,0
ID_5B4FG8,0
ID_5B9YY3,0
ID_5BG1OZ,0
ID_5CG83L,0
ID_5CI2BI,0
ID_5DJTYY,0
ID_5EDW4B,0
ID_5EJZNS,0
ID_5EQM1K,0
ID_5F4JDS,0
ID_5FNUPF,0
ID_5G429X,0
ID_5GJ2LO,0
ID_5GJ554,0
ID_5GPXQS,0
ID_5KL77Z,0
ID_5L2WUI,0
ID_5LSM1B,0
ID_5LXNA5,0
ID_5MCBW0,0
ID_5MFLPP,0
ID_5NNLQD,0
ID_5O001W,0
ID_5OF1IE,0
ID_5OVGX8,0
ID_5PZ4IS,0
ID_5RWQG8,0
ID_5SABBF,0
ID_5SWMAC,0
ID_5VJL5N,0
ID_5VLEDF,0
ID_5VS64S,0
ID_5VVN6I,0
ID_5XWBUF,0
ID_5YB8TK,0
ID_5YIFLC,0
ID_5ZNFJ5,0
ID_5ZNN4C,0
ID_5ZSGPB,0
ID_5ZWS4S,0
ID_60WBX5,0
ID_615QFU,0
ID_61MEOH,0
ID_61P0M3,0
ID_626RCM,0
ID_62MHI8,0
ID_63H3LI,0
ID_63QK8S,0
ID_648U46,0
ID_64A9OC,0
ID_64ISZ5,0
ID_65DZZ7,0
ID_6620E4,0
ID_665IG8,0
ID_66AOQ0,0
ID_66WJP5,0
ID_67QIOB,0
ID_688ZC4,0
ID_69Z2PI,0
ID_6AKXSP,0
ID_6AW8UC,0
ID_6BEPTL,0
ID_6CHLJT,0
ID_6CQW2G,0
ID_6CWHIN,0
ID_6D0UH4,0
ID_6DB4BP,0
ID_6DIRM8,0
ID_6DMT73,0
ID_6DO3WW,0
ID_6ER104,0
ID_6F972G,0
ID_6FMKFQ,0
ID_6GDEGR,0
ID_6GUYI2,0
ID_6H4ZUT,0
ID_6I72F4,0
ID_6K3R47,0
ID_6N4IN6,0
ID_6NC2CO,0
ID_6OMAE2,0
ID_6ONILU,0
ID_6QSFMS,0
ID_6RFZUR,0
ID_6S56M0,0
ID_6SHE0L,0
ID_6UAJ3Y,0
ID_6V7501,0
ID_6XHLYX,0
ID_6Y68CQ,0
ID_6Y9MBB,0
ID_6YBE6Y,0
ID_6YSHVQ,0
ID_6YX670,0
ID_6YZYAA,0
ID_6Z1R9V,0
ID_6ZO6UO,0
ID_700DL5,0
ID_70SPX0,0
ID_719VF9,0
ID_73N1HP,0
ID_73XL8M,0
ID_74HR13,0
ID_75OMR1,0
ID_77QGPE,0
ID_789EEZ,0
ID_78SEV9,0
ID_7BAA7Q,0
ID_7BJY3M,0
ID_7CQDZ1,0
ID_7CT8BU,0
ID_7DCMA8,0
ID_7DG6MN,0
ID_7DIRNU,0
ID_7DW2MI,0
ID_7EJSJK,0
ID_7FFZ6W,0
ID_7FKO62,0
ID_7FVMFD,0
ID_7GI7LY,0
ID_7GITSS,0
ID_7HTDUW,0
ID_7I9CUG,0
ID_7INWOU,0
ID_7JC7LN,0
ID_7JTULW,0
ID_7K7PYI,0
ID_7KRWKR,0
ID_7L3DTG,0
ID_7MVBSQ,0
ID_7OHCZD,0
ID_7QVGA5,0
ID_7S5SW8,0
ID_7SGQIL,0
ID_7SXH0C,0
ID_7VK4EF,0
ID_7VPNPD,0
ID_7XRLT4,0
ID_7YF2K7,0
ID_7YLJY6,0
ID_801TEG,0
ID_812CQV,0
ID_813R0M,0
ID_81RDIA,0
ID_81U71O,0
ID_82GNSH,0
ID_831VYH,0
ID_83JXS3,0
ID_84AOZA,0
ID_84M4K5,0
ID_84N6H3,0
ID_84OGQ4,0
ID_84YP3T,0
ID_855W40,0
ID_85EP0C,0
ID_85OZK7,0
ID_85Y3IG,0
ID_889ZUF,0
ID_88WB3J,0
ID_89AJNO,0
ID_89MUMI,0
ID_8A0TP0,0
ID_8AA1JM,0
ID_8AK79D,0
ID_8CWMVH,0
ID_8DKZDM,0
ID_8DN4E6,0
ID_8DS9C1,0
ID_8E6XW7,0
ID_8EDXI0,0
ID_8EHK2T,0
ID_8EIN3E,0
ID_8F3PRY,0
ID_8FM4QP,0
ID_8GF5TZ,0
ID_8GGLY9,0
ID_8GWC1U,0
ID_8HZ795,0
ID_8IYB3Y,0
ID_8JC4UI,0
ID_8JJBLF,0
ID_8JT7K7,0
ID_8KTJK7,0
ID_8KV13B,0
ID_8L7C65,0
ID_8LDKBQ,0
ID_8LMURV,0
ID_8MANF7,0
ID_8NFILS,0
ID_8O241S,0
ID_8P01ME,0
ID_8QEKO3,0
ID_8QYWM2,0
ID_8R3U8C,0
ID_8T5VQQ,0
ID_8TGTNP,0
ID_8TZJVV,0
ID_8W76O9,0
ID_8W823E,0
ID_8YQ2UD,0
ID_8Z87R1,0
ID_8ZF32C,0
ID_8ZU774,0
ID_927J9Z,0
ID_92CCTK,0
ID_92DS7T,0
ID_92EHCM,0
ID_92J866,0
ID_93PPP0,0
ID_95B63Y,0
ID_95BVNN,0
ID_96DDWP,0
ID_96J9V3,0
ID_96UGFW,0
ID_98AAAL,0
ID_98AN9R,0
ID_9A3SPT,0
ID_9BRKI2,0
ID_9D26TB,0
ID_9D2TLX,0
ID_9DA0RP,0
ID_9DT2FP,0
ID_9DX3HK,0
ID_9HJLRS,0
ID_9HNROP,0
ID_9HV3RJ,0
ID_9HXEL0,0
ID_9I2K5S,0
ID_9JPBQN,0
ID_9K8UCN,0
ID_9KJ2S0,0
ID_9KMEMB,0
ID_9KXS57,0
ID_9KXT2I,0
ID_9LB2SS,0
ID_9M3A1F,0
ID_9MMQ4M,0
ID_9N8GVK,0
ID_9OCMIH,0
ID_9OHKNA,0
ID_9PC1GS,0
ID_9PL8C5,0
ID_9Q4DY6,0
ID_9QDVMN,0
ID_9QKTKF,0
ID_9QW92K,0
ID_9QX349,0
ID_9R3QMQ,0
ID_9RK2G8,0
ID_9S4PHE,0
ID_9S7I6F,0
ID_9SANXJ,0
ID_9SUXFW,0
ID_9UE42A,0
ID_9UVN35,0
ID_9V3NUA,0
ID_9VQICP,0
ID_9XO3LV,0
ID_9Y13AP,0
ID_9ZET4Z,0
ID_9ZTLNW,0
ID_A06WV0,0
ID_A0G0E7,0
ID_A16IIR,0
ID_A1AWD0,0
ID_A1FSEW,0
ID_A20H6X,0
ID_A2P6UT,0
ID_A2TNJ5,0
ID_A4MN99,0
ID_A51CUA,0
ID_A5L30R,0
ID_A76UOD,0
ID_A7H1GX,0
ID_A84V03,0
ID_A9GCU1,0
ID_A9KDFK,0
ID_A9SOG1,0
ID_AAFFLA,0
ID_ACG7MK,0
ID_ADK0DZ,0
ID_AEFNXN,0
ID_AGYZB4,0
ID_AHEBIS,0
ID_AHR0RB,0
ID_AHWBH0,0
ID_AIXBCD,0
ID_AJ9AF5,0
ID_AJ9ZJ0,0
ID_AK7714,0
ID_AKY3IZ,0
ID_ANACGT,0
ID_ANJZBA,0
ID_ANWQ3A,0
ID_AO7Z30,0
ID_AOINHC,0
ID_AOPUN7,0
ID_APD5Y1,0
ID_AQ3O25,0
ID_AQF352,0
ID_AQSXY9,0
ID_ARCQA2,0
ID_ARQYKS,0
ID_ARUEYC,0
ID_AU82A8,0
ID_AUDY1Y,0
ID_AVM79Y,0
ID_AVVBDD,0
ID_AVZR1W,0
ID_AWKIOR,0
ID_AYA9R8,0
ID_AZONOU,0
ID_B0CVEH,0
ID_B0NIIP,0
ID_B0Q2HI,0
ID_B13HF6,0
ID_B17ZUE,0
ID_B1T0N4,0
ID_B2AQE5,0
ID_B2LJE8,0
ID_B3OP3R,0
ID_B43NHU,0
ID_B4A6L4,0
ID_B5B0DA,0
ID_B5YS6R,0
ID_B6ZCZ9,0
ID_B701VU,0
ID_B7LG9S,0
ID_B8TR27,0
ID_BAO3X8,0
ID_BARXWW,0
ID_BDG1CG,0
ID_BFZYNA,0
ID_BH4OW4,0
ID_BINPA1,0
ID_BKWQ2V,0
ID_BKX5TW,0
ID_BLBRNM,0
ID_BLER4T,0
ID_BM34TD,0
ID_BN5OXD,0
ID_BN7596,0
ID_BNMVTL,0
ID_BNR1US,0
ID_BNS5BD,0
ID_BO4N47,0
ID_BPC2TW,0
ID_BPGA1X,0
ID_BPX695,0
ID_BQJ81G,0
ID_BQR445,0
ID_BR18GQ,0
ID_BS4BC2,0
ID_BSIQ6Z,0
ID_BT18EV,0
ID_BTSGM6,0
ID_BUJBYX,0
ID_BVK7FK,0
ID_BVWCPG,0
ID_C1Y1AS,0
ID_C2HM4W,0
ID_C2YTPV,0
ID_C39V82,0
ID_C3H2PE,0
ID_C3ONH2,0
ID_C4GJ41,0
ID_C50JB9,0
ID_C5DJ21,0
ID_C5H1CJ,0
ID_C5TJLZ,0
ID_C5XPOF,0
ID_C6PAF8,0
ID_C7C098,0
ID_C7F7HE,0
ID_C7YCGJ,0
ID_C8VESK,0
ID_C9B7C0,0
ID_C9NZN5,0
ID_C9Y182,0
ID_CA66FQ,0
ID_CA6FYW,0
ID_CACM4J,0
ID_CACYBH,0
ID_CAH9NU,0
ID_CBVJ2T,0
ID_CCA8T6,0
ID_CCD403,0
ID_CE7PP3,0
ID_CELVIK,0
ID_CFSIR7,0
ID_CH8UQX,0
ID_CHSVRS,0
ID_CI9DIN,0
ID_CICQIK,0
ID_CIP143,0
ID_CK1Z5Q,0
ID_CKWH2T,0
ID_CKXLXR,0
ID_CL31N2,0
ID_CL4D3L,0
ID_CLQBG8,0
ID_CLVM25,0
ID_CNL3O8,0
ID_CNNLOE,0
ID_CNWHAZ,0
ID_CO6GHE,0
ID_CP4LP6,0
ID_CPAJWH,0
ID_CPDUIN,0
ID_CQKW5T,0
ID_CR19GM,0
ID_CRUIJR,0
ID_CSBYPY,0
ID_CT01R6,0
ID_CTPESK,0
ID_CTXRT9,0
ID_CUAG96,0
ID_CV2LE7,0
ID_CWSIE1,0
ID_CXEL0M,0
ID_CYOQ7Y,0
ID_CYZY88,0
ID_CZN0EI,0
ID_CZUH6D,0
ID_D24VL8,0
ID_D2N4JQ,0
ID_D3HAGW,0
ID_D3VEZN,0
ID_D6NC84,0
ID_D7R08V,0
ID_D891Q2,0
ID_D8JB4T,0
ID_D9VOKX,0
ID_DA61YS,0
ID_DB5SIQ,0
ID_DBFB8V,0
ID_DBXIQP,0
ID_DCEEFG,0
ID_DCLTEG,0
ID_DD1SES,0
ID_DDNM54,0
ID_DEHPBI,0
ID_DF15W1,0
ID_DF8SLO,0
ID_DGAGC8,0
ID_DH2L3V,0
ID_DHXHS6,0
ID_DI5JV8,0
ID_DJUUVG,0
ID_DKHKVE,0
ID_DKTSS9,0
ID_DL2MSA,0
ID_DNR4O8,0
ID_DNW4R0,0
ID_DP2TQ3,0
ID_DP5346,0
ID_DPVZOG,0
ID_DQ0Z3R,0
ID_DRBWIK,0
ID_DRDT76,0
ID_DS2RJB,0
ID_DS9VXA,0
ID_DTDXPJ,0
ID_DUC38G,0
ID_DUEHG6,0
ID_DVKBVG,0
ID_DWZJEP,0
ID_DXP4YF,0
ID_DXSVEO,0
ID_DYKJ9G,0
ID_E1HEDW,0
ID_E1LWEY,0
ID_E1SFRD,0
ID_E2IVQT,0
ID_E2RH9I,0
ID_E2XSA9,0
ID_E4MBOL,0
ID_E5QYCE,0
ID_E6K909,0
ID_E7GU17,0
ID_E7UV6J,0
ID_E96NEI,0
ID_E9M2XC,0
ID_EALUVO,0
ID_ECPMOE,0
ID_EE3ARL,0
ID_EEA7SV,0
ID_EEC9QH,0
ID_EEDVEN,0
ID_EEGEHK,0
ID_EF85O4,0
ID_EGL2JI,0
ID_EGSIPZ,0
ID_EI07B0,0
ID_EI5YGS,0
ID_EI6GFO,0
ID_EJ5T9Q,0
ID_EJBEK3,0
ID_EJU7TW,0
ID_EK3GSQ,0
ID_EKA5YO,0
ID_ELL4JI,0
ID_EMD208,0
ID_EO5E37,0
ID_EO8K7Q,0
ID_EOGHP6,0
ID_EOO9GF,0
ID_EOWLKM,0
ID_EP0X8Z,0
ID_EP4MGO,0
ID_EPEWPG,0
ID_EPIOY5,0
ID_EPVVFB,0
ID_EPY2J7,0
ID_EQ9KL7,0
ID_EQVCAE,0
ID_EQVF3M,0
ID_ERTZH1,0
ID_ET8064,0
ID_ETOQ77,0
ID_ETPTQF,0
ID_EU0RRR,0
ID_EUBGQO,0
ID_EUSCUB,0
ID_EUVRBI,0
ID_EVIRS5,0
ID_EVPD1F,0
ID_EVZ0VW,0
ID_EW0GH7,0
ID_EXV0OM,0
ID_EXZMC7,0
ID_EY9UU1,0
ID_EYRLEW,0
ID_EYVLCZ,0
ID_F0B6WT,0
ID_F0EQEG,0
ID_F1I4AE,0
ID_F1JHX2,0
ID_F221QX,0
ID_F2MKSL,0
ID_F3PR9E,0
ID_F4N1KS,0
ID_F5B838,0
ID_F60ICB,0
ID_F63F51,0
ID_F6KQ0N,0
ID_F6MTWF,0
ID_F6RMZB,0
ID_F70I76,0
ID_F8657Z,0
ID_F8NQJI,0
ID_F8VN3N,0
ID_F9CT3W,0
ID_F9TJZ3,0
ID_FAM9YW,0
ID_FB3J8C,0
ID_FDAEGL,0
ID_FEA22W,0
ID_FF8GFR,0
ID_FFOG38,0
ID_FGNXJ4,0
ID_FJ7WZV,0
ID_FJH76U,0
ID_FJRKK6,0
ID_FJT6UL,0
ID_FK280J,0
ID_FKJ76S,0
ID_FKZ810,0
ID_FLBV3R,0
ID_FLOL0S,0
ID_FLR772,0
ID_FMWN7W,0
ID_FNFMRW,0
ID_FO04AM,0
ID_FOND5B,0
ID_FPG1ZM,0
ID_FPVPA6,0
ID_FPWZ6S,0
ID_FROLNE,0
ID_FSUJFW,0
ID_FT1ZZT,0
ID_FTU4KY,0
ID_FUZE5V,0
ID_FV97TE,0
ID_FVQP0X,0
ID_FW20LA,0
ID_FW3GCH,0
ID_FW57BT,0
ID_FW65BU,0
ID_FWLTLI,0
ID_FX4JG3,0
ID_FYA2DJ,0
ID_FYGHZM,0
ID_FYNC5E,0
ID_G0BRSN,0
ID_G0JOEK,0
ID_G0V7KO,0
ID_G1SPLO,0
ID_G2L126,0
ID_G2MGN1,0
ID_G37VMC,0
ID_G56LOX,0
ID_G584GZ,0
ID_G644TQ,0
ID_G6951X,0
ID_G6C8XJ,0
ID_G6VXH2,0
ID_G7K9IE,0
ID_G8ETQ9,0
ID_G9A789,0
ID_G9DUL5,0
ID_G9EFH0,0
ID_G9U1EJ,0
ID_GA4VCB,0
ID_GA7FW7,0
ID_GAAX83,0
ID_GBM2KX,0
ID_GBXGL9,0
ID_GCC6W6,0
ID_GCJ74C,0
ID_GCV09X,0
ID_GEC5JG,0
ID_GFIVXQ,0
ID_GFUZ84,0
ID_GFYBM3,0
ID_GGJLQM,0
ID_GHSZ6K,0
ID_GJ2RTD,0
ID_GJA0RW,0
ID_GJGKSN,0
ID_GJM37J,0
ID_GJWHKP,0
ID_GK7TDS,0
ID_GKO9PZ,0
ID_GLZK6Q,0
ID_GO2JXW,0
ID_GO8D67,0
ID_GONSCR,0
ID_GP2GUO,0
ID_GP3LTO,0
ID_GP46C1,0
ID_GP48RE,0
ID_GPC96E,0
ID_GPKDED,0
ID_GPMTU8,0
ID_GPXD6B,0
ID_GRGDC3,0
ID_GRJT7I,0
ID_GSTMEH,0
ID_GTLJPO,0
ID_GUCPT0,0
ID_GUI8BR,0
ID_GW249F,0
ID_GWHPFG,0
ID_GXAQBX,0
ID_GYZOE3,0
ID_GZP68K,0
ID_H04K3Q,0
ID_H08NDF,0
ID_H0BEQ5,0
ID_H12D1F,0
ID_H1CH4R,0
ID_H1OT9D,0
ID_H3AU20,0
ID_H3FU9W,0
ID_H4CP3M,0
ID_H4WXYP,0
ID_H6QXGK,0
ID_H89UKF,0
ID_H953OY,0
ID_H9IFQQ,0
ID_H9P9Q2,0
ID_HAB2LK,0
ID_HBU93F,0
ID_HCL0NR,0
ID_HCNU75,0
ID_HDNCTI,0
ID_HDQJWV,0
ID_HEG120,0
ID_HF1B18,0
ID_HF6APJ,0
ID_HH0TRT,0
ID_HHIJQY,0
ID_HHKOK5,0
ID_HI03EM,0
ID_HIIRME,0
ID_HINB83,0
ID_HJJB83,0
ID_HJXTYK,0
ID_HK25P1,0
ID_HK9IIN,0
ID_HL3MB5,0
ID_HLKHET,0
ID_HLY3UN,0
ID_HM6PC0,0
ID_HMKRUM,0
ID_HMPKM3,0
ID_HN2I07,0
ID_HNHV9S,0
ID_HO2XW1,0
ID_HO5HO6,0
ID_HO5MS5,0
ID_HOBDB7,0
ID_HOKJMY,0
ID_HOUN5R,0
ID_HPFLV3,0
ID_HPSC6R,0
ID_HQH0UX,0
ID_HQN728,0
ID_HR1N35,0
ID_HRBHBR,0
ID_HSNIRU,0
ID_HUFCGC,0
ID_HW604V,0
ID_HX39DK,0
ID_HXFBN6,0
ID_HXLCF7,0
ID_HYFRQU,0
ID_HYMJDV,0
ID_HYN2KA,0
ID_HZCJQ7,0
ID_HZHSCQ,0
ID_I0A512,0
ID_I0SIZ6,0
ID_I1R0BO,0
ID_I2H1P6,0
ID_I2XJEM,0
ID_I323V3,0
ID_I3GE1S,0
ID_I3OLA8,0
ID_I3TGSB,0
ID_I4E04N,0
ID_I569L5,0
ID_I6NHJJ,0
ID_I7L6PX,0
ID_I7QA80,0
ID_I8LJEO,0
ID_I94CGE,0
ID_I99951,0
ID_IA37GD,0
ID_IADA3R,0
ID_IAGVPF,0
ID_IB3HO1,0
ID_IBYBZK,0
ID_IEVNN0,0
ID_IFUV1H,0
ID_IGK4KZ,0
ID_IGVVBZ,0
ID_IH4HKE,0
ID_IIAWD0,0
ID_IJ85GD,0
ID_IJE3DD,0
ID_IMEKJE,0
ID_IMYBIB,0
ID_IOZLNJ,0
ID_IPITJY,0
ID_IRNL05,0
ID_ISHOVX,0
ID_ISIB99,0
ID_ISSEAJ,0
ID_ISV7YN,0
ID_IV4253,0
ID_IVTYF2,0
ID_IW3P4H,0
ID_IWGO9S,0
ID_IX1OWT,0
ID_IXG7IH,0
ID_IXZ1I3,0
ID_IXZH4Q,0
ID_IYG08Z,0
ID_IYO86Y,0
ID_IYT57F,0
ID_J03MV3,0
ID_J16NCW,0
ID_J44861,0
ID_J631I1,0
ID_J83P1W,0
ID_J9Q7CT,0
ID_JA2OHA,0
ID_JBDJP9,0
ID_JBKVWN,0
ID_JCHT9M,0
ID_JCYNOU,0
ID_JD9FEJ,0
ID_JE2Q43,0
ID_JEAV4L,0
ID_JFAV3W,0
ID_JFDEOX,0
ID_JFVYT8,0
ID_JG5DXI,0
ID_JIM60E,0
ID_JLFKN8,0
ID_JMG5NA,0
ID_JMVMVY,0
ID_JMZQ06,0
ID_JN0CF5,0
ID_JNFN9I,0
ID_JNR16H,0
ID_JPAMP0,0
ID_JPZV2Z,0
ID_JQK5EU,0
ID_JR779G,0
ID_JS1J91,0
ID_JU0PMG,0
ID_JUAJY1,0
ID_JV1550,0
ID_JV55FU,0
ID_JXWHL1,0
ID_JYU33Q,0
ID_JZ643B,0
ID_JZTF3X,0
ID_JZYC9I,0
ID_K0T9NJ,0
ID_K175KT,0
ID_K19427,0
ID_K1PXQV,0
ID_K25AWD,0
ID_K2PD0J,0
ID_K33HNY,0
ID_K377UQ,0
ID_K38ZYV,0
ID_K4SMGL,0
ID_K4X01D,0
ID_K54ED4,0
ID_K5HJPX,0
ID_K73M3Q,0
ID_K87BN2,0
ID_K8IT4Z,0
ID_KBFXPZ,0
ID_KCDL95,0
ID_KCEWMZ,0
ID_KCPH8X,0
ID_KCWB30,0
ID_KF7GWK,0
ID_KFLCU6,0
ID_KGO31T,0
ID_KIJBRK,0
ID_KJB4BP,0
ID_KJQQE1,0
ID_KLJV12,0
ID_KLK969,0
ID_KLN8H8,0
ID_KPHLZH,0
ID_KQX2AK,0
ID_KQX9JD,0
ID_KRD6SH,0
ID_KRHJL4,0
ID_KRNC23,0
ID_KRYZ7P,0
ID_KSR8F9,0
ID_KTFF7M,0
ID_KTVYN4,0
ID_KUG45X,0
ID_KUUZUU,0
ID_KV0XYZ,0
ID_KVIVY8,0
ID_KVPTGJ,0
ID_KXTGEM,0
ID_KYEV81,0
ID_KYFL73,0
ID_KYZ9TF,0
ID_L0A08B,0
ID_L0N8XG,0
ID_L0SGS2,0
ID_L109WG,0
ID_L1W3E6,0
ID_L3EPEA,0
ID_L3HX41,0
ID_L4RZFG,0
ID_L4UU92,0
ID_L5FWDD,0
ID_L5P2WA,0
ID_L7MNAX,0
ID_L7TA7M,0
ID_L7XK3R,0
ID_L85X1T,0
ID_L8GV8J,0
ID_L968NH,0
ID_LAEZOI,0
ID_LBF52Q,0
ID_LBSMQH,0
ID_LCFRKJ,0
ID_LCHOOP,0
ID_LCIWKW,0
ID_LEWDL3,0
ID_LFUHDH,0
ID_LGQ5CT,0
ID_LHI7TK,0
ID_LHOKWU,0
ID_LHQ2SC,0
ID_LHWOBK,0
ID_LJKAXR,0
ID_LJOYMS,0
ID_LJP8MW,0
ID_LK8NSU,0
ID_LKCG94,0
ID_LKZIIR,0
ID_LN53AP,0
ID_LO3HWW,0
ID_LO9XMS,0
ID_LPW6PH,0
ID_LQJA29,0
ID_LR81UK,0
ID_LS4PQN,0
ID_LS5WJM,0
ID_LS79VB,0
ID_LSN7XD,0
ID_LV1QVN,0
ID_LV97ZJ,0
ID_LVCOPP,0
ID_LY1LHJ,0
ID_LYLWWK,0
ID_LZR515,0
ID_M032TY,0
ID_M0JA5H,0
ID_M1TRNN,0
ID_M313CL,0
ID_M3MSV7,0
ID_M4OO1H,0
ID_M4P3PH,0
ID_M6PUST,0
ID_M79OLQ,0
ID_M7RBZ2,0
ID_M7TTQ9,0
ID_M8OGE5,0
ID_MA976Y,0
ID_MB1GJ1,0
ID_MBVSH0,0
ID_MC22ML,0
ID_MCS1KG,0
ID_MD400O,0
ID_MDQA75,0
ID_ME4UYU,0
ID_MEEGFY,0
ID_MFNKUP,0
ID_MFU0AC,0
ID_MGDN2R,0
ID_MGYXMK,0
ID_MHBYE0,0
ID_MHNY2K,0
ID_MIAENT,0
ID_MIMTQO,0
ID_MJALQB,0
ID_MK7XVU,0
ID_MKMT5Y,0
ID_MN0DJZ,0
ID_MNM44D,0
ID_MNS9K3,0
ID_MRRH9D,0
ID_MSI456,0
ID_MSO7ZC,0
ID_MSRH5C,0
ID_MTZPFL,0
ID_MU61DY,0
ID_MUH842,0
ID_MVP883,0
ID_MVXWNZ,0
ID_MXVCVL,0
ID_MYA6FN,0
ID_MYKP1L,0
ID_MZJV6T,0
ID_N12JN2,0
ID_N1CIE2,0
ID_N1M28H,0
ID_N1OZKS,0
ID_N2KLR0,0
ID_N3DKFD,0
ID_N4SNJ1,0
ID_N5LAZC,0
ID_N71872,0
ID_N77XVL,0
ID_N7N6BM,0
ID_N87PHJ,0
ID_N8Z9ME,0
ID_N9AROE,0
ID_N9J5CR,0
ID_NA102T,0
ID_NAHM0U,0
ID_NBGLLM,0
ID_NBH9UA,0
ID_NCB8VO,0
ID_NCXQ9U,0
ID_ND7Y7T,0
ID_NE1XAV,0
ID_NELPPS,0
ID_NEMQ9C,0
ID_NEP6V0,0
ID_NF64S8,0
ID_NGPX6G,0
ID_NH5II2,0
ID_NHASNI,0
ID_NICFQO,0
ID_NIL5Z9,0
ID_NIR9K8,0
ID_NIT65P,0
ID_NJJC6L,0
ID_NL45KJ,0
ID_NN53AG,0
ID_NNCJKN,0
ID_NOG3OY,0
ID_NOIOI9,0
ID_NOKFMA,0
ID_NPMPMB,0
ID_NPV89T,0
ID_NRPGMQ,0
ID_NS2KLX,0
ID_NT94YJ,0
ID_NUD63L,0
ID_NUZ31L,0
ID_NVIKHU,0
ID_NVJ5Y2,0
ID_NVKGQF,0
ID_NVWC18,0
ID_NX33YZ,0
ID_NX3B0L,0
ID_NXL7XO,0
ID_NYGSMO,0
ID_NYGXD9,0
ID_NYSBK9,0
ID_NYUAMY,0
ID_NZ2MLX,0
ID_NZFWMG,0
ID_NZT2L7,0
ID_NZTYY2,0
ID_O12FJI,0
ID_O35OBE,0
ID_O4XPU2,0
ID_O5BKE0,0
ID_O5H3M2,0
ID_O5MM5T,0
ID_O7G4GP,0
ID_O7K8CE,0
ID_OA0P0H,0
ID_OAIG0H,0
ID_OARYZJ,0
ID_OAXPZN,0
ID_OC8R9H,0
ID_OCNTMD,0
ID_OCXTT6,0
ID_OE41SM,0
ID_OES29H,0
ID_OF9H1G,0
ID_OFB7EU,0
ID_OFEP2P,0
ID_OFPMS5,0
ID_OFYK8O,0
ID_OIAP74,0
ID_OL50G3,0
ID_OLSE62,0
ID_OMQRZK,0
ID_OMTFUP,0
ID_ON8NY7,0
ID_ONRGAU,0
ID_OOE871,0
ID_OOYBJ4,0
ID_OP45XV,0
ID_OQ1BD3,0
ID_OQ5ZWU,0
ID_OQ9JQD,0
ID_OQF6YE,0
ID_OQHJYN,0
ID_ORY1CT,0
ID_OSKXFZ,0
ID_OTMEDX,0
ID_OU5F8H,0
ID_OUKQZE,0
ID_OV5RKI,0
ID_OVN2MH,0
ID_OVQML1,0
ID_OWKXU7,0
ID_OWRDGJ,0
ID_OWRWN0,0
ID_OWVOMF,0
ID_OY5LWJ,0
ID_OZ2V5C,0
ID_OZHAB3,0
ID_OZS3VU,0
ID_P1NI77,0
ID_P2F1Y0,0
ID_P2KL8C,0
ID_P2WV3O,0
ID_P3BTR4,0
ID_P41JLP,0
ID_P4W3HH,0
ID_P6JN4I,0
ID_P89XNE,0
ID_P8X69K,0
ID_PA2M0Q,0
ID_PACDCW,0
ID_PAGHPQ,0
ID_PAPHAM,0
ID_PATJJE,0
ID_PBIR6P,0
ID_PDEP1T,0
ID_PE422R,0
ID_PGP54J,0
ID_PHW89W,0
ID_PI34GZ,0
ID_PIUF15,0
ID_PIYR20,0
ID_PK5U27,0
ID_PKEHWK,0
ID_PKR9QQ,0
ID_PL2805,0
ID_PLT8MG,0
ID_PMHXZ4,0
ID_PMLU8R,0
ID_PMUBCB,0
ID_POP8GC,0
ID_POP9QP,0
ID_POTA53,0
ID_PPTHJA,0
ID_PQKRKU,0
ID_PR4Y99,0
ID_PR5FC8,0
ID_PS9GXY,0
ID_PSVSQV,0
ID_PT26S4,0
ID_PTL4H1,0
ID_PTS5BM,0
ID_PV3M3R,0
ID_PVXW2X,0
ID_PWGDB1,0
ID_PZTBU6,0
ID_Q18UB7,0
ID_Q3OEOQ,0
ID_Q4LJF3,0
ID_Q4MJD8,0
ID_Q4OB2C,0
ID_Q4RNT5,0
ID_Q4RZNE,0
ID_Q4Y5RA,0
ID_Q5HUU3,0
ID_Q5MJ3K,0
ID_Q6891C,0
ID_Q76GDX,0
ID_Q89KDG,0
ID_Q8ZFCK,0
ID_Q9JBB9,0
ID_Q9SQ5X,0
ID_Q9YDOI,0
ID_QB5VS9,0
ID_QBW6MF,0
ID_QC6KUX,0
ID_QDL6D1,0
ID_QDZWJ2,0
ID_QGSNTZ,0
ID_QHA9V6,0
ID_QJTPKT,0
ID_QKGSNH,0
ID_QKMNW2,0
ID_QKRGQG,0
ID_QLC2LZ,0
ID_QMXZFN,0
ID_QNTRW5,0
ID_QO6VLA,0
ID_QP2HWZ,0
ID_QPA6AO,0
ID_QPDML0,0
ID_QPHITJ,0
ID_QPI2L7,0
ID_QQ866Q,0
ID_QQOVEQ,0
ID_QS2GCF,0
ID_QS8D4M,0
ID_QSQS55,0
ID_QSRWMP,0
ID_QTY7YG,0
ID_QUH0KQ,0
ID_QUHPQK,0
ID_QUVHJ5,0
ID_QWDS00,0
ID_QY77BS,0
ID_QYHNC3,0
ID_QZV21B,0
ID_QZVSMU,0
ID_QZYMKE,0
ID_R1SOXV,0
ID_R39CZU,0
ID_R3MZUU,0
ID_R3NVON,0
ID_R46QT1,0
ID_R4HIZU,0
ID_R5IOAY,0
ID_R75YYO,0
ID_R8ZH1V,0
ID_R92YHH,0
ID_R9QR2W,0
ID_R9SS37,0
ID_RAKEDL,0
ID_RB31HF,0
ID_RBSMS0,0
ID_RBU4EH,0
ID_RBVLNI,0
ID_RD098D,0
ID_RD5B1N,0
ID_RDBERM,0
ID_RDM9B2,0
ID_RDR62I,0
ID_REA3HB,0
ID_RG9JJ4,0
ID_RHC0MS,0
ID_RHXPEF,0
ID_RI74OT,0
ID_RIARIT,0
ID_RJ2MT7,0
ID_RJ8KRC,0
ID_RJ8RI5,0
ID_RJK8RN,0
ID_RJT8YG,0
ID_RJZ2JM,0
ID_RKJC2N,0
ID_RKPYS5,0
ID_RLWVLJ,0
ID_RLZN93,0
ID_RMLRI3,0
ID_RNDSDT,0
ID_RNYECH,0
ID_RO7JS2,0
ID_ROT2TQ,0
ID_RPY31Y,0
ID_RQ6AFM,0
ID_RQAZ7J,0
ID_RQC1CN,0
ID_RRBT1A,0
ID_RRQ3P3,0
ID_RU0SYY,0
ID_RU6SFL,0
ID_RUJJAJ,0
ID_RV3CKA,0
ID_RV8LYE,0
ID_RW4P5I,0
ID_RWTT7A,0
ID_RWXQ5V,0
ID_RX5QHQ,0
ID_RY3QC9,0
ID_RY8YYM,0
ID_RYJWR9,0
ID_RYYUER,0
ID_RZJ45Q,0
ID_S0194K,0
ID_S0G7ES,0
ID_S0T8T8,0
ID_S0YUCU,0
ID_S1KM4T,0
ID_S27604,0
ID_S2LETP,0
ID_S374OW,0
ID_S3A60D,0
ID_S3EJLD,0
ID_S3HEJJ,0
ID_S3Y5WS,0
ID_S4AS4B,0
ID_S4N9YN,0
ID_S4Q599,0
ID_S53F29,0
ID_S5SF84,0
ID_S5U3BT,0
ID_S6IOR7,0
ID_S715FU,0
ID_S7LIDV,0
ID_S7P0KO,0
ID_S8YITF,0
ID_S91KMT,0
ID_S920JW,0
ID_S9ODYL,0
ID_SAMOCF,0
ID_SBNLMM,0
ID_SCY5WV,0
ID_SFKV8R,0
ID_SGFAT9,0
ID_SH4KDH,0
ID_SIR5S8,0
ID_SKD71Q,0
ID_SKK39N,0
ID_SKM5Q9,0
ID_SL8OJN,0
ID_SMY35P,0
ID_SPBPFI,0
ID_SPD4IX,0
ID_SQEHME,0
ID_SQUKHB,0
ID_SR00A8,0
ID_SRCO7L,0
ID_SRGQG8,0
ID_SS544F,0
ID_SSNO5J,0
ID_STO6OI,0
ID_SWDFL1,0
ID_SWE5EW,0
ID_SWH08Z,0
ID_SWHFHY,0
ID_SY5SRI,0
ID_T0O8QR,0
ID_T1OUWL,0
ID_T244JJ,0
ID_T47S1U,0
ID_T4K6W5,0
ID_T4MOY4,0
ID_T5JF7E,0
ID_T5STC4,0
ID_T5ZPYY,0
ID_T84WTC,0
ID_TAQ97K,0
ID_TB69BW,0
ID_TBVSX7,0
ID_TCC1MS,0
ID_TD5E6W,0
ID_TDNCNR,0
ID_TDXMFD,0
ID_TESIVD,0
ID_TF4D3N,0
ID_TFKMLD,0
ID_TFYHEA,0
ID_TH6HXV,0
ID_TI007R,0
ID_TI1VMA,0
ID_TINKD2,0
ID_TJ1TN1,0
ID_TL686Q,0
ID_TLAJ9O,0
ID_TLRHC3,0
ID_TMKE88,0
ID_TNG9N9,0
ID_TPU0T9,0
ID_TQKD89,0
ID_TR61JX,0
ID_TSLHBV,0
ID_TU3J1P,0
ID_TV1PNP,0
ID_TVECKC,0
ID_TVIRIR,0
ID_TVQX0B,0
ID_TVWM5F,0
ID_TWI6Z1,0
ID_TXMIXS,0
ID_TYZKFF,0
ID_U00OFW,0
ID_U0FS70,0
ID_U0K3JP,0
ID_U1NTGU,0
ID_U27FMA,0
ID_U36TFS,0
ID_U3GLEM,0
ID_U3P2C8,0
ID_U3TU49,0
ID_U5DIRD,0
ID_U625AD,0
ID_U6HO3S,0
ID_U6Y2MB,0
ID_U6YSKF,0
ID_U7XGZ3,0
ID_U8G2BD,0
ID_U9V03F,0
ID_UAROAG,0
ID_UBEBK6,0
ID_UBX698,0
ID_UCX4TL,0
ID_UDVGF8,0
ID_UDZ7VF,0
ID_UFBB54,0
ID_UFN634,0
ID_UFPN5E,0
ID_UGZRQL,0
ID_UIC1DK,0
ID_UIT6XN,0
ID_UJQU5T,0
ID_UKIS2P,0
ID_UKJTZZ,0
ID_UKKIIE,0
ID_UKRHG2,0
ID_UKU30B,0
ID_UKUZSV,0
ID_UKXQN3,0
ID_UNA1UG,0
ID_UNWYBW,0
ID_UNXSJZ,0
ID_UOA8DM,0
ID_UOKCMV,0
ID_UPV415,0
ID_UQM8FG,0
ID_UQQW4R,0
ID_URBRH8,0
ID_US9U75,0
ID_USI2XD,0
ID_UTI7DO,0
ID_UU6BGW,0
ID_UU7UMA,0
ID_UUE9RC,0
ID_UUKQ1W,0
ID_UVB41T,0
ID_UVO2RK,0
ID_UWCQ02,0
ID_UWKHEQ,0
ID_UWKS2O,0
ID_UY6B09,0
ID_UYHGSS,0
ID_V255VN,0
ID_V3J596,0
ID_V5PF0C,0
ID_V5WJ73,0
ID_V6XRAL,0
ID_V7ACCY,0
ID_V7BC4D,0
ID_V7D58B,0
ID_V8KCM2,0
ID_V8L7W0,0
ID_V8PNTC,0
ID_V8W26M,0
ID_V9H6JK,0
ID_V9QMS6,0
ID_VAJ850,0
ID_VAPJMN,0
ID_VBG7AY,0
ID_VBYL1L,0
ID_VDQUDJ,0
ID_VDYX5K,0
ID_VFLD2J,0
ID_VFYRPX,0
ID_VGOW9I,0
ID_VGYTNB,0
ID_VH1ULW,0
ID_VHZT5P,0
ID_VI30Q7,0
ID_VIHXYG,0
ID_VILMMG,0
ID_VIOMGH,0
ID_VIR0G9,0
ID_VJSCIT,0
ID_VL23RK,0
ID_VM2CYE,0
ID_VMSDS7,0
ID_VMWD8H,0
ID_VMWXAV,0
ID_VNF5IL,0
ID_VNGPCA,0
ID_VQOBW5,0
ID_VQQHFJ,0
ID_VSY90K,0
ID_VT6L1I,0
ID_VTLUFN,0
ID_VTWJRC,0
ID_VUJYP7,0
ID_VUVLOD,0
ID_VWNJKR,0
ID_VXW5E5,0
ID_VY5GIK,0
ID_VYPEP9,0
ID_VYV1FC,0
ID_VZT96I,0
ID_VZU16C,0
ID_W0E4VO,0
ID_W17ED1,0
ID_W19SB5,0
ID_W28Q7H,0
ID_W2C6RS,0
ID_W38T0P,0
ID_W3KJ7X,0
ID_W53WXW,0
ID_W5QLTS,0
ID_W627BR,0
ID_W66VNK,0
ID_W67JQT,0
ID_W7KL0V,0
ID_W940NB,0
ID_W94EMM,0
ID_W9XEQ2,0
ID_WB1BDY,0
ID_WDXNEN,0
ID_WEE5I1,0
ID_WEGD1J,0
ID_WF4S9S,0
ID_WFNT0G,0
ID_WGLS18,0
ID_WH36L3,0
ID_WHDUFK,0
ID_WI4PEF,0
ID_WI5SL9,0
ID_WIAB38,0
ID_WIDYRD,0
ID_WK0OWJ,0
ID_WK1FEM,0
ID_WKB3MU,0
ID_WKQF8N,0
ID_WL698O,0
ID_WL917P,0
ID_WLP5PE,0
ID_WMBNA7,0
ID_WMLVYR,0
ID_WNDABC,0
ID_WNDU22,0
ID_WOFJKR,0
ID_WOLBLF,0
ID_WPYVKU,0
ID_WQZD3O,0
ID_WRFQLM,0
ID_WS7Y4T,0
ID_WST4NL,0
ID_WT1U9K,0
ID_WT4UP1,0
ID_WTCWW0,0
ID_WTWMKF,0
ID_WTZU8Z,0
ID_WUETBQ,0
ID_WUJVMI,0
ID_WVRKZQ,0
ID_WXBOUL,0
ID_WXJQMH,0
ID_WXSWMN,0
ID_WY1UX8,0
ID_WZ6KLD,0
ID_WZELCQ,0
ID_WZJVWF,0
ID_X0G447,0
ID_X0NQ1T,0
ID_X17EPZ,0
ID_X2GIFM,0
ID_X2XAIX,0
ID_X3FVBX,0
ID_X3RQN2,0
ID_X4UF8G,0
ID_X54IYF,0
ID_X5RLSX,0
ID_X5YGUF,0
ID_X6153I,0
ID_X6WF7V,0
ID_X7D7AM,0
ID_X7M1TR,0
ID_X7ZFO1,0
ID_X9HSPF,0
ID_XAA80M,0
ID_XARJ32,0
ID_XB0O1I,0
ID_XBQE3E,0
ID_XCJE3F,0
ID_XDQZBU,0
ID_XDYLRO,0
ID_XGILSD,0
ID_XGMZY4,0
ID_XH4634,0
ID_XIDJ6O,0
ID_XINW2D,0
ID_XIZCDK,0
ID_XJ5AUQ,0
ID_XJKTPJ,0
ID_XK1ZXG,0
ID_XKAMQ7,0
ID_XKFFLA,0
ID_XKX7B6,0
ID_XLEIUQ,0
ID_XLJZ3J,0
ID_XM3LTF,0
ID_XMQ1NR,0
ID_XOSP8W,0
ID_XOV7GX,0
ID_XP0AUC,0
ID_XPASHO,0
ID_XQE516,0
ID_XQTKR4,0
ID_XQUNH4,0
ID_XR9PE6,0
ID_XS25IH,0
ID_XSFJDM,0
ID_XSS3NL,0
ID_XT558T,0
ID_XTAD5E,0
ID_XU113L,0
ID_XU99ZY,0
ID_XVCFFS,0
ID_XVPKHU,0
ID_XVW8A3,0
ID_XXLLTB,0
ID_XY7S1N,0
ID_XYGIM6,0
ID_XYJ8DY,0
ID_XZWA47,0
ID_Y100UD,0
ID_Y1KOSI,0
ID_Y2K4O1,0
ID_Y4133N,0
ID_Y49ZZ7,0
ID_Y95BJM,0
ID_Y9E6S7,0
ID_YAE59M,0
ID_YB1WQM,0
ID_YCCBOT,0
ID_YEOBNX,0
ID_YFIRJW,0
ID_YFMAME,0
ID_YFSFPG,0
ID_YFT3C3,0
ID_YG5KSN,0
ID_YGZ20T,0
ID_YHFWNG,0
ID_YIBNYE,0
ID_YIZJKZ,0
ID_YJILFT,0
ID_YK8I3Q,0
ID_YKNFDY,0
ID_YMM1FG,0
ID_YMSH34,0
ID_YMWXTO,0
ID_YPBND4,0
ID_YPIGT5,0
ID_YQE1EO,0
ID_YQO4GG,0
ID_YS6ICL,0
ID_YSBIO4,0
ID_YSLM9R,0
ID_YSY33J,0
ID_YU75IW,0
ID_YVLHK9,0
ID_YVXHEQ,0
ID_YWU551,0
ID_YWVS5M,0
ID_YYB157,0
ID_YYQYN7,0
ID_YYZDLV,0
ID_YZW4XZ,0
ID_Z10HI7,0
ID_Z14F10,0
ID_Z2UDL7,0
ID_Z3K1IG,0
ID_Z3WJJS,0
ID_Z4H32Q,0
ID_Z4VF1Y,0
ID_Z5QFOU,0
ID_Z5YFNE,0
ID_Z6AXCI,0
ID_Z7IGH6,0
ID_Z7MPRA,0
ID_Z8I1XO,0
ID_Z8M5UU,0
ID_Z9A29E,0
ID_Z9EITJ,0
ID_Z9EKB2,0
ID_ZA4Y1A,0
ID_ZAD4RN,0
ID_ZAKLJA,0
ID_ZC0CJ8,0
ID_ZCYFEP,0
ID_ZD1ZX3,0
ID_ZDZRBJ,0
ID_ZE6RSA,0
ID_ZEYP74,0
ID_ZGDF6W,0
ID_ZH4W1X,0
ID_ZH77KY,0
ID_ZHFKUP,0
ID_ZHRNAF,0
ID_ZIGQUK,0
ID_ZIL32E,0
ID_ZIQU2O,0
ID_ZIWZP9,0
ID_ZJ5TQ7,0
ID_ZJIYET,0
ID_ZL6CYH,0
ID_ZLVS16,0
ID_ZO9RGR,0
ID_ZOMAXE,0
ID_ZOYXS6,0
ID_ZP7OV8,0
ID_ZP9Q0S,0
ID_ZQDCNF,0
ID_ZRXTJV,0
ID_ZRYFH3,0
ID_ZSULR2,0
ID_ZTMLDP,0
ID_ZUANV9,0
ID_ZUFJ64,0
ID_ZUGR9T,0
ID_ZUWYGR,0
ID_ZUZ776,0
ID_ZV2BBQ,0
ID_ZVEQ52,0
ID_ZWZ1IA,0
ID_ZX7B4A,0
ID_ZYZLPS,0
ID_ZZN6KH,0